entry_id,mode,setup,base_lang,phrase_lang,n_phrases,quality_tier,audio_s,mWER,eWER,MER,mWER_unit,eWER_unit,matrix_units,embedded_units,LA_segment_per_wav,LID_conf_per_wav,SIM_whole,SIM_matrix,SIM_embedded_per_wav,success
syncs_E_to_K_3,moss_tts_v15,E_to_K,en,ko,4,S,35.92,0.2,0.016666666666666666,0.09568965517241379,WER,CER,50,66,1.0,0.9994215965270996,0.872711181640625,0.9387342929840088,0.6907920390367508,True
syncs_E_to_K_7,moss_tts_v15,E_to_K,en,ko,4,S,34.24,0.14814814814814814,0.039473684210526314,0.08642105263157894,WER,CER,54,71,1.0,0.9994852542877197,0.9182840585708618,0.9676072597503662,0.7229579389095306,True
syncs_E_to_K_11,moss_tts_v15,E_to_K,en,ko,4,S,35.52,0.24,0.0744047619047619,0.1395997375328084,WER,CER,50,77,0.75,0.9986494481563568,0.8978992700576782,0.954878568649292,0.7378951013088226,True
syncs_E_to_K_15,moss_tts_v15,E_to_K,en,ko,3,S,24.8,0.41509433962264153,0.041666666666666664,0.23381877022653721,WER,CER,53,50,1.0,0.9978506962458292,0.9224340915679932,0.9702550172805786,0.7209046284357706,True
syncs_E_to_K_19,moss_tts_v15,E_to_K,en,ko,3,S,38.08,0.532258064516129,0.1605392156862745,0.3663121498599439,WER,CER,62,50,1.0,0.999024490515391,0.8973860740661621,0.9717116951942444,0.6641245086987814,True
syncs_E_to_K_23,moss_tts_v15,E_to_K,en,ko,4,S,30.96,0.1951219512195122,0.033482142857142856,0.09484540343915343,WER,CER,41,67,1.0,0.9989088475704193,0.8917762637138367,0.9702707529067993,0.752445861697197,True
syncs_E_to_K_27,moss_tts_v15,E_to_K,en,ko,4,S,33.2,0.9787234042553191,0.17956349206349206,0.5241553808067569,WER,CER,47,62,0.75,0.9986305087804794,0.83352130651474,0.9377986788749695,0.7000620514154434,True
syncs_E_to_K_31,moss_tts_v15,E_to_K,en,ko,3,S,36.16,0.23728813559322035,0.023809523809523808,0.12790240062967337,WER,CER,59,62,1.0,0.9972835779190063,0.9305485486984253,0.9647605419158936,0.7749743064244589,True
syncs_E_to_K_35,moss_tts_v15,E_to_K,en,ko,3,S,28.08,0.82,0.08683473389355742,0.4534173669467787,WER,CER,50,50,1.0,0.8817723592122396,0.9526481628417969,0.9867746829986572,0.7589716712633768,True
syncs_E_to_K_39,moss_tts_v15,E_to_K,en,ko,4,S,28.72,0.0,0.0936532507739938,0.05025296382994789,WER,CER,57,66,0.75,0.9948853999376297,0.9283175468444824,0.9744502305984497,0.7183944135904312,True
syncs_E_to_K_43,moss_tts_v15,E_to_K,en,ko,4,S,28.24,0.0,0.046875,0.027522935779816515,WER,CER,45,64,1.0,0.9992972761392593,0.9089536070823669,0.9709150791168213,0.7449780851602554,True
syncs_E_to_K_47,moss_tts_v15,E_to_K,en,ko,4,S,35.92,0.17307692307692307,0.014705882352941176,0.08449651046859422,WER,CER,52,66,1.0,0.9980251640081406,0.9036603569984436,0.96442049741745,0.7118111848831177,True
syncs_E_to_K_51,moss_tts_v15,E_to_K,en,ko,4,S,36.56,0.17857142857142858,0.13467261904761904,0.15586514778325122,WER,CER,56,60,0.75,0.9993456602096558,0.9024380445480347,0.9638392925262451,0.744826078414917,True
syncs_E_to_K_55,moss_tts_v15,E_to_K,en,ko,4,S,26.8,0.6744186046511628,0.17573529411764707,0.35295333009236757,WER,CER,43,78,0.75,0.998533695936203,0.9061324596405029,0.9791505336761475,0.6938309073448181,True
syncs_E_to_K_59,moss_tts_v15,E_to_K,en,ko,3,S,24.0,0.020833333333333332,0.07509157509157509,0.046782927217709824,WER,CER,48,44,1.0,0.9911983410517374,0.9324615001678467,0.9821066856384277,0.735355277856191,True
syncs_E_to_K_63,moss_tts_v15,E_to_K,en,ko,3,S,24.32,0.0,0.10994152046783626,0.05660355509235134,WER,CER,49,52,1.0,0.999809980392456,0.9506694674491882,0.9738872647285461,0.7356394728024801,True
syncs_E_to_K_67,moss_tts_v15,E_to_K,en,ko,4,S,31.28,0.1,0.08134920634920634,0.08938834154351395,WER,CER,50,66,1.0,0.9994129985570908,0.8834648132324219,0.9793639779090881,0.654592290520668,True
syncs_E_to_K_71,moss_tts_v15,E_to_K,en,ko,4,S,29.68,0.022727272727272728,0.2619047619047619,0.17703533026113671,WER,CER,44,80,0.75,0.9997036457061768,0.8484594821929932,0.9478303790092468,0.7130413204431534,True
syncs_E_to_K_75,moss_tts_v15,E_to_K,en,ko,4,S,31.28,0.5294117647058824,0.1797877045555064,0.32018791768675975,WER,CER,51,76,0.5,0.9985377788543701,0.8860498070716858,0.9771679043769836,0.7042537927627563,True
syncs_E_to_K_79,moss_tts_v15,E_to_K,en,ko,3,S,32.48,0.31746031746031744,0.017543859649122806,0.17632316084328467,WER,CER,63,56,1.0,0.9992443521817526,0.9054535031318665,0.9730186462402344,0.7110746502876282,True
syncs_E_to_K_83,moss_tts_v15,E_to_K,en,ko,4,S,37.68,0.22641509433962265,0.1634199134199134,0.18761371478762784,WER,CER,53,85,0.75,0.9990988373756409,0.9063103199005127,0.9734656810760498,0.745770052075386,True
syncs_E_to_K_87,moss_tts_v15,E_to_K,en,ko,4,S,35.84,0.125,0.029411764705882353,0.06702025072324011,WER,CER,48,74,1.0,0.9998589903116226,0.8930423259735107,0.9662519693374634,0.7597292512655258,True
syncs_E_to_K_91,moss_tts_v15,E_to_K,en,ko,3,S,32.08,0.13559322033898305,0.0,0.0761904761904762,WER,CER,59,46,1.0,0.9866991639137268,0.9495633244514465,0.9717580676078796,0.7471911112467448,True
syncs_E_to_K_95,moss_tts_v15,E_to_K,en,ko,4,S,31.76,0.16666666666666666,0.10661764705882354,0.12712219033955047,WER,CER,42,81,0.75,0.9959586262702942,0.8358195424079895,0.9682425856590271,0.7318809032440186,True
syncs_E_to_K_99,moss_tts_v15,E_to_K,en,ko,4,S,29.6,0.0,0.027777777777777776,0.017361111111111112,WER,CER,42,70,1.0,0.9994393438100815,0.8826221823692322,0.9660165309906006,0.7404500395059586,True
syncs_E_to_J_3,moss_tts_v15,E_to_J,en,ja,3,S,37.12,0.5526315789473685,0.37485380116959066,0.4856006135557474,WER,CER,76,46,1.0,0.942931056022644,0.9670276641845703,0.9755277633666992,0.6964829166730245,True
syncs_E_to_J_7,moss_tts_v15,E_to_J,en,ja,4,A,34.88,0.582089552238806,0.330370082815735,0.4552975231960739,WER,CER,67,68,1.0,0.9777012169361115,0.9234384894371033,0.9707071185112,0.7081135511398315,True
syncs_E_to_J_11,moss_tts_v15,E_to_J,en,ja,4,S,38.0,0.18333333333333332,0.3942307692307692,0.2822498298162015,WER,CER,60,53,0.75,0.9622259140014648,0.977210283279419,0.9918900728225708,0.715728834271431,True
syncs_E_to_J_15,moss_tts_v15,E_to_J,en,ja,4,S,36.16,0.5616438356164384,0.39926470588235297,0.4870697167755991,WER,CER,73,62,0.75,0.9825319647789001,0.9578978419303894,0.9771366119384766,0.6922498047351837,True
syncs_E_to_J_19,moss_tts_v15,E_to_J,en,ja,3,A,29.76,0.3064516129032258,0.5594405594405594,0.40100303736667364,WER,CER,62,37,0.3333333333333333,0.5952751445583999,0.9769330024719238,0.9835656881332397,0.693467378616333,True
syncs_E_to_J_23,moss_tts_v15,E_to_J,en,ja,3,S,38.8,0.3333333333333333,0.43894993894993894,0.371246986631602,WER,CER,75,42,1.0,0.9132582545280457,0.9622688293457031,0.9688933491706848,0.7778106133143107,True
syncs_E_to_J_27,moss_tts_v15,E_to_J,en,ja,4,S,35.12,0.25757575757575757,0.4368131868131868,0.33823260073260075,WER,CER,66,54,0.75,0.7434746399521828,0.938470721244812,0.9723984599113464,0.7756616473197937,True
syncs_E_to_J_31,moss_tts_v15,E_to_J,en,ja,3,A,34.56,0.4925373134328358,0.5032051282051282,0.4966478475652788,WER,CER,67,42,0.3333333333333333,0.9898802638053894,0.977489173412323,0.9848827719688416,0.7027072707811991,True
syncs_E_to_J_35,moss_tts_v15,E_to_J,en,ja,4,A,43.76,0.7058823529411765,0.4305288461538462,0.5745599112426036,WER,CER,68,62,0.5,0.7654097974300385,0.9593127965927124,0.9759929180145264,0.805192619562149,True
syncs_E_to_J_39,moss_tts_v15,E_to_J,en,ja,4,A,35.84,0.40298507462686567,0.75,0.5546218487394958,WER,CER,67,52,0.25,0.39849094627425075,0.9783121347427368,0.9814519882202148,0.7666569352149963,True
syncs_E_to_J_43,moss_tts_v15,E_to_J,en,ja,4,S,33.68,0.4838709677419355,0.4416520979020979,0.4644135755548799,WER,CER,62,53,0.25,0.9590157270431519,0.9685118198394775,0.9823298454284668,0.7029290497303009,True
syncs_E_to_J_47,moss_tts_v15,E_to_J,en,ja,4,A,43.36,0.5,0.30326505602240894,0.40709738756613756,WER,CER,76,68,0.75,0.8532433211803436,0.9727926254272461,0.9795883893966675,0.727401927113533,True
syncs_E_to_J_51,moss_tts_v15,E_to_J,en,ja,3,A,33.44,0.42028985507246375,0.5683760683760684,0.4737654320987654,WER,CER,69,39,0.3333333333333333,0.93231334288915,0.9719090461730957,0.9832595586776733,0.7133305867513021,True
syncs_E_to_J_55,moss_tts_v15,E_to_J,en,ja,4,S,40.96,0.36585365853658536,0.21428571428571427,0.3005952380952381,WER,CER,82,62,0.75,0.9111717492341995,0.9657732248306274,0.9708133935928345,0.7897650301456451,True
syncs_E_to_J_59,moss_tts_v15,E_to_J,en,ja,4,S,37.6,0.6029411764705882,0.46678321678321677,0.5452471257556003,WER,CER,68,50,0.5,0.6877054572105408,0.9617290496826172,0.9758161306381226,0.7932068556547165,True
syncs_E_to_J_63,moss_tts_v15,E_to_J,en,ja,3,S,39.36,0.5294117647058824,0.49444444444444446,0.5182222222222223,WER,CER,68,32,0.3333333333333333,0.745597759882609,0.9575804471969604,0.9758245944976807,0.7047876119613647,True
syncs_E_to_J_67,moss_tts_v15,E_to_J,en,ja,3,S,33.44,0.16417910447761194,0.4523809523809524,0.2735890652557319,WER,CER,67,41,0.6666666666666666,0.9191783865292867,0.9599457383155823,0.9757283329963684,0.7696911692619324,True
syncs_E_to_J_71,moss_tts_v15,E_to_J,en,ja,3,C,36.24,0.35714285714285715,0.6196581196581197,0.4462989840348331,WER,CER,70,36,0.3333333333333333,0.8743524551391602,0.9553308486938477,0.9767179489135742,0.7238752643267313,True
syncs_E_to_J_75,moss_tts_v15,E_to_J,en,ja,4,A,38.88,0.22058823529411764,0.1425865800865801,0.1833874458874459,WER,CER,68,62,1.0,0.9970448017120361,0.9687275290489197,0.9803467988967896,0.7011191993951797,True
syncs_E_to_J_79,moss_tts_v15,E_to_J,en,ja,3,S,27.52,0.2786885245901639,0.2746031746031746,0.27717231222385863,WER,CER,61,36,0.6666666666666666,0.6855888962745667,0.9627574682235718,0.9687936305999756,0.7574608524640402,True
syncs_E_to_J_83,moss_tts_v15,E_to_J,en,ja,4,A,35.28,0.17647058823529413,0.4696969696969697,0.2963109354413702,WER,CER,68,47,0.5,0.9221009016036987,0.9624325633049011,0.9706482887268066,0.7393340021371841,True
syncs_E_to_J_87,moss_tts_v15,E_to_J,en,ja,3,S,29.04,0.31666666666666665,0.6608220211161387,0.46601710350323,WER,CER,60,46,0.0,0.4352264652649562,0.9739637970924377,0.987493097782135,0.7696298162142435,True
syncs_E_to_J_91,moss_tts_v15,E_to_J,en,ja,3,S,31.92,0.26865671641791045,0.40404040404040403,0.3151119033471975,WER,CER,67,35,0.6666666666666666,0.9924095273017883,0.9620770812034607,0.9666825532913208,0.7521331111590067,True
syncs_E_to_J_95,moss_tts_v15,E_to_J,en,ja,3,S,33.92,0.3235294117647059,0.5641025641025641,0.411214953271028,WER,CER,68,39,0.3333333333333333,0.5484645843195418,0.9822834730148315,0.9873654246330261,0.7707961599032084,True
syncs_E_to_J_99,moss_tts_v15,E_to_J,en,ja,4,A,34.4,0.515625,0.17175925925925928,0.33008593125499597,WER,CER,64,75,1.0,0.9429350197315216,0.9473370909690857,0.9649423956871033,0.7189894169569016,True
syncs_K_to_E_3,moss_tts_v15,K_to_E,ko,en,5,S,51.76,0.4267515923566879,0.18095238095238095,0.3819444444444444,CER,WER,157,35,0.8,0.5921796321868896,0.9806327819824219,0.9771267175674438,0.9650600910186767,True
syncs_K_to_E_7,moss_tts_v15,K_to_E,ko,en,5,S,52.0,0.46511627906976744,0.02857142857142857,0.3719512195121951,CER,WER,129,35,1.0,0.8150365710258484,0.9687017202377319,0.9668710231781006,0.95497567653656,True
syncs_K_to_E_11,moss_tts_v15,K_to_E,ko,en,5,S,58.08,0.6451612903225806,0.0,0.5529953917050692,CER,WER,186,31,0.8,0.2289211705327034,0.9823964238166809,0.9810196757316589,0.9583861470222473,True
syncs_K_to_E_15,moss_tts_v15,K_to_E,ko,en,3,S,39.68,0.2945205479452055,0.0,0.2606060606060606,CER,WER,146,19,0.6666666666666666,0.6012530128161112,0.9831259250640869,0.9780123829841614,0.9599009156227112,True
syncs_K_to_E_19,moss_tts_v15,K_to_E,ko,en,3,S,52.56,0.5358851674641149,0.08333333333333333,0.4875356125356125,CER,WER,209,25,0.6666666666666666,0.5817362517118454,0.985974907875061,0.9862873554229736,0.9573936263720194,True
syncs_K_to_E_23,moss_tts_v15,K_to_E,ko,en,4,B,47.04,0.5426829268292683,0.0,0.4734042553191489,CER,WER,164,24,0.75,0.009898592141325935,0.9741450548171997,0.9797942638397217,0.9551932960748672,True
syncs_K_to_E_27,moss_tts_v15,K_to_E,ko,en,5,S,47.44,0.5703125,0.02222222222222222,0.43981481481481477,CER,WER,128,40,0.8,0.7089595794677734,0.9851399064064026,0.984673261642456,0.9611478447914124,True
syncs_K_to_E_31,moss_tts_v15,K_to_E,ko,en,3,S,40.96,0.20754716981132076,0.0,0.1864406779661017,CER,WER,159,18,0.6666666666666666,0.7248988747596741,0.9779207706451416,0.9772700667381287,0.9591090281804403,True
syncs_K_to_E_35,moss_tts_v15,K_to_E,ko,en,4,C,52.08,0.41509433962264153,0.08333333333333333,0.3684684684684685,CER,WER,159,26,0.0,0.3107525631785393,0.9830947518348694,0.9824172258377075,0.9662384688854218,True
syncs_K_to_E_39,moss_tts_v15,K_to_E,ko,en,4,S,45.36,0.7077922077922078,0.03125,0.5974864130434783,CER,WER,154,30,0.25,0.4308580532670021,0.9843117594718933,0.9829568266868591,0.9593719393014908,True
syncs_K_to_E_43,moss_tts_v15,K_to_E,ko,en,4,S,50.8,0.39779005524861877,0.0,0.34782608695652173,CER,WER,181,26,0.75,0.7823664769530296,0.9752726554870605,0.976265549659729,0.9480880498886108,True
syncs_K_to_E_47,moss_tts_v15,K_to_E,ko,en,4,S,45.52,0.6233766233766234,0.0,0.5245901639344263,CER,WER,154,29,0.75,0.6105070859193802,0.9850561022758484,0.982164204120636,0.9638546407222748,True
syncs_K_to_E_51,moss_tts_v15,K_to_E,ko,en,4,S,45.84,0.47126436781609193,0.0,0.41,CER,WER,174,26,1.0,0.5822942182421684,0.9871894121170044,0.9806578159332275,0.9536759108304977,True
syncs_K_to_E_55,moss_tts_v15,K_to_E,ko,en,4,S,51.92,0.5284974093264249,0.0,0.46788990825688076,CER,WER,193,25,0.25,0.22173572960309684,0.9872561693191528,0.9845809936523438,0.9669310450553894,True
syncs_K_to_E_59,moss_tts_v15,K_to_E,ko,en,3,S,37.92,0.28776978417266186,0.037037037037037035,0.2548611111111111,CER,WER,139,21,0.6666666666666666,0.695185919602712,0.9799732565879822,0.9843785166740417,0.9289603233337402,True
syncs_K_to_E_63,moss_tts_v15,K_to_E,ko,en,3,B,53.2,0.4789473684210526,0.08333333333333333,0.4378930817610063,CER,WER,190,22,1.0,0.37809189160664874,0.9823262095451355,0.9821361303329468,0.9406898021697998,True
syncs_K_to_E_67,moss_tts_v15,K_to_E,ko,en,4,S,36.48,0.21897810218978103,0.10714285714285714,0.2,CER,WER,137,28,0.0,0.2237307457253337,0.9733969569206238,0.978223443031311,0.951648160815239,True
syncs_K_to_E_71,moss_tts_v15,K_to_E,ko,en,4,S,56.72,0.7747252747252747,0.041666666666666664,0.6800239234449761,CER,WER,182,27,0.75,0.2738327505066991,0.9777830839157104,0.976506769657135,0.9497195929288864,True
syncs_K_to_E_75,moss_tts_v15,K_to_E,ko,en,5,S,42.0,0.2734375,0.0,0.22580645161290322,CER,WER,128,27,0.6,0.18692314866930246,0.967109203338623,0.9686715602874756,0.9410810470581055,True
syncs_K_to_E_79,moss_tts_v15,K_to_E,ko,en,3,S,38.24,0.2571428571428571,0.0,0.2236024844720497,CER,WER,140,21,0.6666666666666666,0.2992601344982783,0.9795066118240356,0.9790694117546082,0.9647339582443237,True
syncs_K_to_E_83,moss_tts_v15,K_to_E,ko,en,4,C,42.32,0.3888888888888889,0.0,0.3236994219653179,CER,WER,144,29,1.0,0.9378664046525955,0.9753219485282898,0.9776883125305176,0.9403065145015717,True
syncs_K_to_E_87,moss_tts_v15,K_to_E,ko,en,4,S,38.64,0.22857142857142856,0.03125,0.19471153846153846,CER,WER,140,29,0.75,0.8116761073470116,0.9733105301856995,0.9747814536094666,0.9509423822164536,True
syncs_K_to_E_91,moss_tts_v15,K_to_E,ko,en,3,S,53.76,0.5568181818181818,0.0,0.5025641025641024,CER,WER,176,19,0.6666666666666666,0.4496219754219055,0.9715245962142944,0.9732270240783691,0.8643012444178263,True
syncs_K_to_E_95,moss_tts_v15,K_to_E,ko,en,4,S,50.08,0.32934131736526945,0.07291666666666666,0.29252136752136754,CER,WER,167,28,0.5,0.27552285604178905,0.9782740473747253,0.9817023873329163,0.9413564801216125,True
syncs_K_to_E_99,moss_tts_v15,K_to_E,ko,en,5,S,46.0,0.38922155688622756,0.05714285714285714,0.33582196697774586,CER,WER,167,32,0.8,0.798954838514328,0.9873020052909851,0.9866448044776917,0.9471138000488282,True
syncs_J_to_E_3,moss_tts_v15,J_to_E,ja,en,4,S,35.84,0.8421052631578947,0.07142857142857142,0.6989795918367347,CER,WER,114,26,0.5,0.21757552679628134,0.9504557251930237,0.9496142864227295,0.9538696557283401,True
syncs_J_to_E_7,moss_tts_v15,J_to_E,ja,en,5,S,48.32,0.859504132231405,0.10357142857142856,0.6861692447679709,CER,WER,121,36,0.6,0.2563061751425266,0.9772467613220215,0.9757032990455627,0.9465692043304443,True
syncs_J_to_E_11,moss_tts_v15,J_to_E,ja,en,4,S,40.8,0.7142857142857143,0.1,0.6147887323943662,CER,WER,119,23,0.5,0.16419976577162743,0.9783873558044434,0.9759157299995422,0.9649660438299179,True
syncs_J_to_E_15,moss_tts_v15,J_to_E,ja,en,4,S,31.6,0.6309523809523809,0.0,0.4732142857142857,CER,WER,84,28,0.25,0.3371837018057704,0.9651919603347778,0.96857088804245,0.9655386656522751,True
syncs_J_to_E_19,moss_tts_v15,J_to_E,ja,en,3,S,37.12,0.2066115702479339,0.0,0.176056338028169,CER,WER,121,21,1.0,0.38159553706645966,0.9586119055747986,0.9640268683433533,0.9249565402666727,True
syncs_J_to_E_23,moss_tts_v15,J_to_E,ja,en,3,S,41.36,0.6721311475409836,0.0,0.5774647887323944,CER,WER,122,20,0.6666666666666666,0.1039902592698733,0.9627478122711182,0.9602241516113281,0.9684309562047323,True
syncs_J_to_E_27,moss_tts_v15,J_to_E,ja,en,4,S,32.64,0.19148936170212766,0.03571428571428571,0.15380184331797236,CER,WER,94,30,0.75,0.21108965668827295,0.9523930549621582,0.940885603427887,0.9713968932628632,True
syncs_J_to_E_31,moss_tts_v15,J_to_E,ja,en,3,S,33.12,0.5363636363636364,0.13333333333333333,0.4717557251908397,CER,WER,110,21,0.6666666666666666,0.19789138933022818,0.9767733812332153,0.9730185866355896,0.9723376035690308,True
syncs_J_to_E_35,moss_tts_v15,J_to_E,ja,en,4,S,33.68,0.31868131868131866,0.041666666666666664,0.26474926253687314,CER,WER,91,22,0.5,0.44198279827833176,0.9711860418319702,0.9756038784980774,0.9650623351335526,True
syncs_J_to_E_39,moss_tts_v15,J_to_E,ja,en,5,S,35.92,0.5858585858585859,0.0,0.4233576642335766,CER,WER,99,38,0.8,0.3933630421757698,0.9754632711410522,0.9772076606750488,0.9671953439712524,True
syncs_J_to_E_43,moss_tts_v15,J_to_E,ja,en,5,A,42.8,1.1592920353982301,0.09999999999999999,0.9087837837837838,CER,WER,113,35,0.6,0.11879368275403976,0.9782220721244812,0.9746292233467102,0.9597089052200317,True
syncs_J_to_E_47,moss_tts_v15,J_to_E,ja,en,4,S,42.4,0.3142857142857143,0.0,0.24812030075187969,CER,WER,105,28,0.5,0.15996473468840122,0.972374439239502,0.9686866402626038,0.9857599288225174,True
syncs_J_to_E_51,moss_tts_v15,J_to_E,ja,en,3,S,32.8,0.4049586776859504,0.047619047619047616,0.352112676056338,CER,WER,121,21,0.3333333333333333,0.1171048041433096,0.9588686227798462,0.9597529172897339,0.9622561732927958,True
syncs_J_to_E_55,moss_tts_v15,J_to_E,ja,en,5,S,51.92,0.6836734693877551,0.02222222222222222,0.48195429472025214,CER,WER,98,43,0.4,0.1362804092466831,0.9750604629516602,0.9706465601921082,0.9607713699340821,True
syncs_J_to_E_59,moss_tts_v15,J_to_E,ja,en,4,S,48.88,0.4791666666666667,0.09166666666666667,0.4218441814595661,CER,WER,144,25,0.5,0.44972768798470497,0.9297470450401306,0.9252496361732483,0.9479625970125198,True
syncs_J_to_E_63,moss_tts_v15,J_to_E,ja,en,3,S,46.24,0.4934210526315789,0.047619047619047616,0.446218487394958,CER,WER,152,18,1.0,0.4851730354130268,0.9551664590835571,0.9601134061813354,0.9658917983373007,True
syncs_J_to_E_67,moss_tts_v15,J_to_E,ja,en,3,S,36.48,0.3584905660377358,0.0,0.30158730158730157,CER,WER,106,20,0.6666666666666666,0.20032368352015814,0.9609270095825195,0.9635932445526123,0.9544157981872559,True
syncs_J_to_E_71,moss_tts_v15,J_to_E,ja,en,3,S,29.84,0.011363636363636364,0.0,0.00909090909090909,CER,WER,88,22,1.0,0.6007652382055918,0.9695234298706055,0.9662330150604248,0.9664283990859985,True
syncs_J_to_E_75,moss_tts_v15,J_to_E,ja,en,4,S,41.68,1.1956521739130435,0.0625,0.9100609756097561,CER,WER,92,31,0.0,0.08991358941420913,0.9670200943946838,0.9629052877426147,0.941163957118988,True
syncs_J_to_E_79,moss_tts_v15,J_to_E,ja,en,4,S,32.64,1.2475247524752475,0.041666666666666664,0.978525641025641,CER,WER,101,29,0.5,0.3107174336910248,0.9773449897766113,0.9670994877815247,0.9781927168369293,True
syncs_J_to_E_83,moss_tts_v15,J_to_E,ja,en,5,S,44.8,1.1196581196581197,0.03333333333333333,0.8695175438596491,CER,WER,117,35,0.4,0.35263085588812826,0.9696270823478699,0.9651066064834595,0.9600824594497681,True
syncs_J_to_E_87,moss_tts_v15,J_to_E,ja,en,3,S,24.48,0.4482758620689655,0.047619047619047616,0.3795918367346938,CER,WER,87,18,1.0,0.676297108332316,0.9695144295692444,0.9697609543800354,0.9491747419039408,True
syncs_J_to_E_91,moss_tts_v15,J_to_E,ja,en,4,S,43.12,0.7716535433070866,0.0,0.6405228758169934,CER,WER,127,26,1.0,0.8806441575288773,0.9644197821617126,0.9703464508056641,0.9637237042188644,True
syncs_J_to_E_95,moss_tts_v15,J_to_E,ja,en,4,S,40.64,0.3769230769230769,0.0,0.30625,CER,WER,130,30,0.5,0.25969244888983667,0.9705044031143188,0.9677363634109497,0.9727015793323517,True
syncs_J_to_E_99,moss_tts_v15,J_to_E,ja,en,4,A,34.88,0.5052631578947369,0.08333333333333333,0.4173611111111111,CER,WER,95,25,0.75,0.36587284319102764,0.9467787742614746,0.952911913394928,0.9436163008213043,True
syncs_DE_to_KO_3,moss_tts_v15,DE_to_KO,de,ko,3,,25.92,0.44680851063829785,2.1329966329966332,1.3709693084693084,WER,CER,47,57,0.0,0.04107397977107515,0.9821575284004211,0.982843816280365,0.9743563334147135,True
syncs_DE_to_KO_7,moss_tts_v15,DE_to_KO,de,ko,4,,35.84,0.4426229508196721,0.6512626262626263,0.5597013298452148,WER,CER,61,78,0.0,0.05573313124477863,0.9727564454078674,0.9765511751174927,0.9615043699741364,True
syncs_DE_to_KO_11,moss_tts_v15,DE_to_KO,de,ko,4,,33.2,0.7804878048780488,0.0625,0.3078125,WER,CER,41,79,1.0,0.9979972243309021,0.9626398086547852,0.9753109216690063,0.9592664837837219,True
syncs_DE_to_KO_15,moss_tts_v15,DE_to_KO,de,ko,3,,24.56,0.5348837209302325,0.5230936819172113,0.5282668623004757,WER,CER,43,55,0.0,0.03429520161201557,0.9894352555274963,0.9849190711975098,0.9676744143168131,True
syncs_DE_to_KO_19,moss_tts_v15,DE_to_KO,de,ko,3,,40.0,0.4482758620689655,0.7858722976370035,0.6170740798529845,WER,CER,58,58,0.0,0.01354392571374774,0.9794174432754517,0.9849444627761841,0.9581954081853231,True
syncs_DE_to_KO_23,moss_tts_v15,DE_to_KO,de,ko,4,,34.24,0.6,0.6349586086428192,0.6199373314916078,WER,CER,55,73,0.0,0.012597719905897975,0.9618496298789978,0.9593727588653564,0.9477328807115555,True
syncs_DE_to_KO_27,moss_tts_v15,DE_to_KO,de,ko,3,,27.92,0.44,0.4661594202898551,0.45468599033816426,WER,CER,50,64,0.0,0.00968766367683808,0.9844039678573608,0.9832471013069153,0.9548690517743429,True
syncs_DE_to_KO_31,moss_tts_v15,DE_to_KO,de,ko,4,,41.52,0.625,0.46057841614906836,0.5282814212641579,WER,CER,56,80,0.0,0.11631429009139538,0.9896408319473267,0.9850640296936035,0.9725110828876495,True
syncs_DE_to_KO_35,moss_tts_v15,DE_to_KO,de,ko,4,,28.88,0.4222222222222222,0.23280336257309941,0.3082356518139005,WER,CER,45,68,0.0,0.01060011563822627,0.9663485884666443,0.9740695953369141,0.920425072312355,True
syncs_DE_to_KO_39,moss_tts_v15,DE_to_KO,de,ko,4,,36.64,0.4339622641509434,0.2784423179160021,0.34041643182917414,WER,CER,53,80,0.0,0.08015904272906482,0.9755299687385559,0.9671915173530579,0.9595696777105331,True
syncs_DE_to_KO_43,moss_tts_v15,DE_to_KO,de,ko,4,,32.88,0.6170212765957447,0.5505299707602339,0.5757323205527258,WER,CER,47,77,0.0,0.04452923155622557,0.9806867241859436,0.9840270280838013,0.9642585515975952,True
syncs_DE_to_KO_47,moss_tts_v15,DE_to_KO,de,ko,4,,29.04,0.6530612244897959,0.4431818181818182,0.5205058099794941,WER,CER,49,84,0.25,0.530512013938278,0.9676490426063538,0.9689320921897888,0.9470024555921555,True
syncs_DE_to_KO_51,moss_tts_v15,DE_to_KO,de,ko,4,,30.0,0.6666666666666666,0.5321352623984204,0.5873276333802651,WER,CER,48,69,0.0,0.0734853224712424,0.9833995699882507,0.9812123775482178,0.9490227997303009,True
syncs_DE_to_KO_55,moss_tts_v15,DE_to_KO,de,ko,3,,28.96,0.2903225806451613,0.8612313612313612,0.5734562035375043,WER,CER,62,61,0.0,0.014928903197869658,0.980426549911499,0.9754974246025085,0.9551108082135519,True
syncs_DE_to_KO_59,moss_tts_v15,DE_to_KO,de,ko,3,,31.92,0.49019607843137253,0.4165697899713245,0.44979935378957625,WER,CER,51,62,0.0,0.05963769865532716,0.9811044931411743,0.9834437370300293,0.9545262257258097,True
syncs_DE_to_KO_63,moss_tts_v15,DE_to_KO,de,ko,4,,30.08,0.631578947368421,0.32050731972070645,0.4114359493408077,WER,CER,38,92,0.25,0.2697579112718813,0.982415497303009,0.9817944169044495,0.9667432755231857,True
syncs_DE_to_KO_67,moss_tts_v15,DE_to_KO,de,ko,3,,35.36,0.38333333333333336,0.8615196078431373,0.6120311167945438,WER,CER,60,55,0.0,0.018895077519118786,0.9886763095855713,0.9869382977485657,0.9561939835548401,True
syncs_DE_to_KO_71,moss_tts_v15,DE_to_KO,de,ko,4,,32.4,0.48,0.40466008771929823,0.4363155130473242,WER,CER,50,69,0.0,0.25697604147717357,0.9816862344741821,0.9721848964691162,0.9682075530290604,True
syncs_DE_to_KO_75,moss_tts_v15,DE_to_KO,de,ko,3,,26.4,0.5416666666666666,0.317719298245614,0.4136967418546366,WER,CER,48,64,0.0,0.017757483447591465,0.9859153032302856,0.9802040457725525,0.9783740043640137,True
syncs_DE_to_KO_79,moss_tts_v15,DE_to_KO,de,ko,3,,26.32,0.4339622641509434,0.6246498599439776,0.5301971255792036,WER,CER,53,54,0.0,0.008550622966140509,0.9890482425689697,0.9920222163200378,0.9494283000628153,True
syncs_DE_to_KO_83,moss_tts_v15,DE_to_KO,de,ko,4,,31.76,0.5106382978723404,0.5148956951201533,0.5132820042278371,WER,CER,47,77,0.25,0.1682710936293006,0.969235360622406,0.9691515564918518,0.9544893354177475,True
syncs_DE_to_KO_87,moss_tts_v15,DE_to_KO,de,ko,4,,30.32,0.5319148936170213,0.6485928362573099,0.6028939753898636,WER,CER,47,73,0.0,0.02014809672255069,0.9757412672042847,0.974007785320282,0.9666391611099243,True
syncs_DE_to_KO_91,moss_tts_v15,DE_to_KO,de,ko,4,,36.88,0.6444444444444445,0.34539473684210525,0.45753837719298246,WER,CER,45,75,0.25,0.10530457785353065,0.9722689986228943,0.9801957011222839,0.9451682418584824,True
syncs_DE_to_KO_95,moss_tts_v15,DE_to_KO,de,ko,3,,30.32,0.5490196078431373,0.8552287581699346,0.7079017141447774,WER,CER,51,55,0.0,0.016854145098477602,0.9847097992897034,0.9835823774337769,0.9642082254091898,True
syncs_DE_to_KO_99,moss_tts_v15,DE_to_KO,de,ko,3,,36.08,0.3787878787878788,0.5687830687830687,0.46428571428571425,WER,CER,66,54,0.0,0.0022417405464996896,0.9756904244422913,0.9674634337425232,0.9654201865196228,True
syncs_KO_to_DE_3,moss_tts_v15,KO_to_DE,ko,de,4,,50.64,0.6206896551724138,0.1746031746031746,0.5477716727716728,CER,WER,174,34,0.75,0.6050689965486526,0.9779307842254639,0.9807413220405579,0.9653292745351791,True
syncs_KO_to_DE_7,moss_tts_v15,KO_to_DE,ko,de,3,,49.92,0.650887573964497,0.375,0.6141025641025641,CER,WER,169,26,0.3333333333333333,0.026674650609493256,0.9798176288604736,0.9804376363754272,0.9687511126200358,True
syncs_KO_to_DE_11,moss_tts_v15,KO_to_DE,ko,de,4,,52.88,0.5151515151515151,0.3666666666666667,0.4916666666666667,CER,WER,165,31,0.25,0.5129421856254339,0.9816151857376099,0.9826310276985168,0.9742747098207474,True
syncs_KO_to_DE_15,moss_tts_v15,KO_to_DE,ko,de,3,,37.52,0.7021276595744681,0.25,0.6387195121951219,CER,WER,141,23,0.3333333333333333,0.35822496997813386,0.9888767600059509,0.989193320274353,0.9734540979067484,True
syncs_KO_to_DE_19,moss_tts_v15,KO_to_DE,ko,de,3,,50.16,0.6594594594594595,0.7916666666666666,0.6751984126984126,CER,WER,185,25,0.0,0.03390915094253918,0.982745885848999,0.9820713400840759,0.8903184135754904,True
syncs_KO_to_DE_23,moss_tts_v15,KO_to_DE,ko,de,4,,43.44,0.6044776119402985,0.30952380952380953,0.5505226480836237,CER,WER,134,30,0.25,0.14298179943034484,0.9824203848838806,0.9843593239784241,0.9679844975471497,True
syncs_KO_to_DE_27,moss_tts_v15,KO_to_DE,ko,de,3,,41.2,0.35714285714285715,0.5416666666666666,0.38112052730696794,CER,WER,154,23,0.3333333333333333,0.3591185174882412,0.984565019607544,0.9804660081863403,0.9733788371086121,True
syncs_KO_to_DE_31,moss_tts_v15,KO_to_DE,ko,de,4,,51.76,0.5029940119760479,1.0044642857142858,0.5771911443148688,CER,WER,167,29,0.0,0.03103923541493714,0.9873407483100891,0.9868063926696777,0.9696861356496811,True
syncs_KO_to_DE_35,moss_tts_v15,KO_to_DE,ko,de,4,,38.88,0.2748091603053435,0.1572420634920635,0.252902247855664,CER,WER,131,30,0.0,0.08029359369538724,0.9747302532196045,0.9741394519805908,0.9566747099161148,True
syncs_KO_to_DE_39,moss_tts_v15,KO_to_DE,ko,de,4,,46.0,0.5,0.3839285714285714,0.48033762685402026,CER,WER,152,31,0.5,0.33768360782414675,0.9807690382003784,0.9793556332588196,0.9621627181768417,True
syncs_KO_to_DE_43,moss_tts_v15,KO_to_DE,ko,de,4,,46.48,0.6283783783783784,0.462797619047619,0.5997023809523809,CER,WER,148,31,0.5,0.22622929740464315,0.9822787046432495,0.9797998070716858,0.9645347893238068,True
syncs_KO_to_DE_47,moss_tts_v15,KO_to_DE,ko,de,4,,49.6,0.5203252032520326,0.2598214285714286,0.46134321653189575,CER,WER,123,36,0.5,0.5476163029670715,0.9790356159210205,0.9679368734359741,0.9594046920537949,True
syncs_KO_to_DE_51,moss_tts_v15,KO_to_DE,ko,de,4,,36.24,0.656,0.5428571428571429,0.6346938775510205,CER,WER,125,29,0.25,0.336535700596869,0.9734107851982117,0.9681227803230286,0.9626568704843521,True
syncs_KO_to_DE_55,moss_tts_v15,KO_to_DE,ko,de,3,,36.88,0.456,0.35714285714285715,0.4406370656370657,CER,WER,125,23,0.0,0.0839954757442077,0.9832162857055664,0.982578694820404,0.9606114228566488,True
syncs_KO_to_DE_59,moss_tts_v15,KO_to_DE,ko,de,3,,44.88,0.5963855421686747,0.6111111111111112,0.5985108820160366,CER,WER,166,28,0.0,0.038296061335131526,0.9791849851608276,0.9779853224754333,0.9353620409965515,True
syncs_KO_to_DE_63,moss_tts_v15,KO_to_DE,ko,de,4,,49.92,0.49710982658959535,0.45089285714285715,0.4902797325826883,CER,WER,173,30,0.25,0.2846643878147006,0.9797496199607849,0.9793480038642883,0.9597253501415253,True
syncs_KO_to_DE_67,moss_tts_v15,KO_to_DE,ko,de,3,,44.56,0.4647058823529412,0.38055555555555554,0.4562463256907701,CER,WER,170,19,0.0,0.1432466320693493,0.9868505597114563,0.9874534606933594,0.9518166581789652,True
syncs_KO_to_DE_71,moss_tts_v15,KO_to_DE,ko,de,4,,48.64,0.46875,0.4616071428571429,0.46752868245743895,CER,WER,160,33,0.25,0.172981770709157,0.9803482890129089,0.9759664535522461,0.9490238279104233,True
syncs_KO_to_DE_75,moss_tts_v15,KO_to_DE,ko,de,3,,53.92,0.656084656084656,0.88510101010101,0.6828389030491835,CER,WER,189,25,0.0,0.10885196800033252,0.9682734608650208,0.9686980247497559,0.9289634426434835,True
syncs_KO_to_DE_79,moss_tts_v15,KO_to_DE,ko,de,3,,47.68,0.37583892617449666,0.3746993746993747,0.37566410861865407,CER,WER,149,27,0.0,0.007489721295617831,0.9872231483459473,0.9839449524879456,0.9436896443367004,True
syncs_KO_to_DE_83,moss_tts_v15,KO_to_DE,ko,de,4,,47.84,0.7803468208092486,0.3472222222222222,0.7181655665566558,CER,WER,173,29,0.0,0.22177627636119723,0.983479380607605,0.9862710237503052,0.9642266482114792,True
syncs_KO_to_DE_87,moss_tts_v15,KO_to_DE,ko,de,4,,41.92,0.5111111111111111,0.6651785714285714,0.5383547473867596,CER,WER,135,29,0.0,0.12058252189308405,0.9788006544113159,0.981056809425354,0.9656673818826675,True
syncs_KO_to_DE_91,moss_tts_v15,KO_to_DE,ko,de,4,,49.28,0.4482758620689655,0.503968253968254,0.45808531746031744,CER,WER,145,31,0.0,0.18379560532048345,0.9783238768577576,0.981918454170227,0.9537150114774704,True
syncs_KO_to_DE_95,moss_tts_v15,KO_to_DE,ko,de,3,,38.8,0.36551724137931035,0.35648148148148145,0.3641884531590414,CER,WER,145,25,0.3333333333333333,0.2928798811820646,0.9815536737442017,0.9795201420783997,0.9673741459846497,True
syncs_KO_to_DE_99,moss_tts_v15,KO_to_DE,ko,de,3,,33.2,0.5772357723577236,0.6785714285714286,0.5926108374384237,CER,WER,123,22,0.0,0.010701042134314775,0.986433744430542,0.9857401251792908,0.9681004683176676,True
syncs_DE_to_JA_3,moss_tts_v15,DE_to_JA,de,ja,3,,34.96,0.3392857142857143,0.9333333333333333,0.6006666666666667,WER,CER,56,44,0.0,0.07630907495816548,0.981971800327301,0.9833616018295288,0.968168040116628,True
syncs_DE_to_JA_7,moss_tts_v15,DE_to_JA,de,ja,4,,36.48,0.3442622950819672,1.3511904761904763,0.8393353174603175,WER,CER,61,59,0.0,0.03251224057748914,0.9842923879623413,0.9822129011154175,0.9463381916284561,True
syncs_DE_to_JA_11,moss_tts_v15,DE_to_JA,de,ja,3,,34.16,0.49056603773584906,0.7154761904761905,0.6144572235673931,WER,CER,53,65,0.0,0.050659329940875374,0.972939133644104,0.9796838164329529,0.9440176089604696,True
syncs_DE_to_JA_15,moss_tts_v15,DE_to_JA,de,ja,3,,30.8,0.36507936507936506,1.1851851851851851,0.751011515717398,WER,CER,63,56,0.0,0.09710826476414998,0.9681521654129028,0.9525162577629089,0.9653307596842448,True
syncs_DE_to_JA_19,moss_tts_v15,DE_to_JA,de,ja,4,,28.88,0.5471698113207547,1.3098133484162897,0.958334153059217,WER,CER,53,62,0.0,0.052516765252221376,0.9802204966545105,0.9763194918632507,0.9679847806692123,True
syncs_DE_to_JA_23,moss_tts_v15,DE_to_JA,de,ja,3,,27.52,0.46153846153846156,1.378968253968254,0.8871502209131076,WER,CER,52,45,0.0,0.02343328211766978,0.9869135022163391,0.9901777505874634,0.9525672992070516,True
syncs_DE_to_JA_27,moss_tts_v15,DE_to_JA,de,ja,4,,38.0,0.4918032786885246,0.7424003692386045,0.6308206427892988,WER,CER,61,76,0.25,0.18862588657066226,0.9625221490859985,0.9646545648574829,0.9646546244621277,True
syncs_DE_to_JA_31,moss_tts_v15,DE_to_JA,de,ja,4,,38.4,0.5423728813559322,1.1122710622710623,0.8173237581132319,WER,CER,59,55,0.0,0.07760453419177793,0.9837899208068848,0.9791514873504639,0.9508463889360428,True
syncs_DE_to_JA_35,moss_tts_v15,DE_to_JA,de,ja,3,,41.28,0.4426229508196721,1.454656862745098,0.9314867896311066,WER,CER,61,57,0.0,0.04840198108771195,0.9823935031890869,0.9707125425338745,0.9742267529169718,True
syncs_DE_to_JA_39,moss_tts_v15,DE_to_JA,de,ja,4,,39.04,0.46875,1.268349358974359,0.8454207724094087,WER,CER,64,57,0.0,0.015534227415628266,0.9857075214385986,0.984677791595459,0.9651396721601486,True
syncs_DE_to_JA_43,moss_tts_v15,DE_to_JA,de,ja,3,,30.48,0.5869565217391305,1.2156862745098038,0.9205682272909164,WER,CER,46,52,0.0,0.025861193736394245,0.9848248362541199,0.9832308888435364,0.9742501576741537,True
syncs_DE_to_JA_47,moss_tts_v15,DE_to_JA,de,ja,3,,32.24,0.45614035087719296,1.4777777777777779,0.8954444444444445,WER,CER,57,43,0.0,0.002423632991849445,0.982649564743042,0.9774067997932434,0.948334276676178,True
syncs_DE_to_JA_51,moss_tts_v15,DE_to_JA,de,ja,4,,27.28,0.5217391304347826,1.0976790935672516,0.8673031083142639,WER,CER,46,69,0.0,0.019463951466605067,0.9815585613250732,0.9852356910705566,0.968679204583168,True
syncs_DE_to_JA_55,moss_tts_v15,DE_to_JA,de,ja,4,,29.28,0.5306122448979592,1.1677536231884058,0.8962759924385633,WER,CER,49,66,0.0,0.061398344580084085,0.9589962363243103,0.9620373845100403,0.9331534206867218,True
syncs_DE_to_JA_59,moss_tts_v15,DE_to_JA,de,ja,3,,36.56,0.5087719298245614,1.29001554001554,0.8111888111888111,WER,CER,57,36,0.0,0.04975524436061581,0.9783240556716919,0.9745044708251953,0.9305619398752848,True
syncs_DE_to_JA_63,moss_tts_v15,DE_to_JA,de,ja,3,,35.12,0.29411764705882354,17.133333333333333,6.628134556574924,WER,CER,68,41,0.0,0.027799869033818442,0.9810206294059753,0.9785204529762268,0.9650296767552694,True
syncs_DE_to_JA_67,moss_tts_v15,DE_to_JA,de,ja,4,,36.08,0.6666666666666666,0.8055555555555556,0.7497519841269842,WER,CER,45,67,0.0,0.07007068116217852,0.98595130443573,0.9802802801132202,0.9334826767444611,True
syncs_DE_to_JA_71,moss_tts_v15,DE_to_JA,de,ja,3,,28.0,0.3829787234042553,0.9008547008547009,0.6242618492618492,WER,CER,47,41,0.0,0.0255890932555,0.9751566648483276,0.9691534042358398,0.951439102490743,True
syncs_DE_to_JA_75,moss_tts_v15,DE_to_JA,de,ja,4,,35.12,0.4126984126984127,0.8738095238095238,0.6450693663292089,WER,CER,63,64,0.0,0.10412366408854723,0.9717868566513062,0.9666369557380676,0.9647028148174286,True
syncs_DE_to_JA_79,moss_tts_v15,DE_to_JA,de,ja,3,,39.6,0.4230769230769231,1.0339869281045753,0.7285319255907492,WER,CER,52,52,0.0,0.004492664942517877,0.9842207431793213,0.9876959919929504,0.926095982392629,True
syncs_DE_to_JA_83,moss_tts_v15,DE_to_JA,de,ja,4,,32.8,0.7333333333333333,1.5763763197586727,1.15833847525024,WER,CER,60,61,0.0,0.035156531259417534,0.9787948727607727,0.9822973608970642,0.9509962648153305,True
syncs_DE_to_JA_87,moss_tts_v15,DE_to_JA,de,ja,3,,27.28,0.25,1.2658730158730158,0.6978579962450929,WER,CER,52,41,0.0,0.01610932219773531,0.9742844700813293,0.9680253267288208,0.9507389068603516,True
syncs_DE_to_JA_91,moss_tts_v15,DE_to_JA,de,ja,3,,30.72,0.4528301886792453,4.800292397660819,2.563248736728553,WER,CER,53,50,0.0,0.034790441393852234,0.9856926798820496,0.9839159250259399,0.9642231861750284,True
syncs_DE_to_JA_95,moss_tts_v15,DE_to_JA,de,ja,3,,30.56,0.47540983606557374,1.2050925925925926,0.8004503367003367,WER,CER,61,49,0.0,0.017053358256816864,0.99043869972229,0.9928800463676453,0.9587238828341166,True
syncs_DE_to_JA_99,moss_tts_v15,DE_to_JA,de,ja,4,,59.36,0.75,1.0738486842105264,0.9472311535417491,WER,CER,52,81,0.0,0.03874366499076132,0.9718482494354248,0.9789612293243408,0.9470164775848389,True
syncs_JA_to_DE_3,moss_tts_v15,JA_to_DE,ja,de,3,,29.92,0.8738738738738738,0.6071428571428571,0.8297529538131042,CER,WER,111,22,0.3333333333333333,0.2915973924100399,0.9617732167243958,0.9540919661521912,0.977014938990275,True
syncs_JA_to_DE_7,moss_tts_v15,JA_to_DE,ja,de,4,,43.44,1.3894736842105264,0.4583333333333333,1.160383597883598,CER,WER,95,31,0.25,0.2536994867841713,0.9689491987228394,0.9640123844146729,0.9581530541181564,True
syncs_JA_to_DE_11,moss_tts_v15,JA_to_DE,ja,de,3,,32.24,0.7247706422018348,0.798941798941799,0.7386085445786938,CER,WER,109,25,0.0,0.0021151365945115685,0.960221529006958,0.9572837948799133,0.9571545124053955,True
syncs_JA_to_DE_15,moss_tts_v15,JA_to_DE,ja,de,3,,30.96,0.7727272727272727,0.7162698412698413,0.7618501529051989,CER,WER,88,21,0.0,0.0863177504700919,0.9653774499893188,0.9680323600769043,0.9549237887064616,True
syncs_JA_to_DE_19,moss_tts_v15,JA_to_DE,ja,de,4,,49.76,0.7798165137614679,0.6354166666666666,0.7478422619047619,CER,WER,109,31,0.0,0.03421465144492686,0.9824144840240479,0.9801322221755981,0.9793055504560471,True
syncs_JA_to_DE_23,moss_tts_v15,JA_to_DE,ja,de,3,,34.08,0.8571428571428571,0.6071428571428571,0.8071428571428572,CER,WER,84,21,0.0,0.03128151362761855,0.9746525287628174,0.9716833829879761,0.9588303565979004,True
syncs_JA_to_DE_27,moss_tts_v15,JA_to_DE,ja,de,4,,42.56,0.7899159663865546,0.85,0.8032679738562092,CER,WER,119,34,0.25,0.15784193412400782,0.9813051819801331,0.973115086555481,0.9773742407560349,True
syncs_JA_to_DE_31,moss_tts_v15,JA_to_DE,ja,de,4,,52.8,0.7763157894736842,2.844047619047619,1.1076098395159168,CER,WER,152,29,0.0,0.04123050579801202,0.9832335710525513,0.9835827350616455,0.9738781452178955,True
syncs_JA_to_DE_35,moss_tts_v15,JA_to_DE,ja,de,3,,31.36,1.03,0.737037037037037,0.9641401091013494,CER,WER,100,29,0.0,0.04823840564737717,0.9758687019348145,0.9680815935134888,0.9746544162432352,True
syncs_JA_to_DE_39,moss_tts_v15,JA_to_DE,ja,de,4,,41.28,0.782608695652174,0.39285714285714285,0.7130102040816326,CER,WER,138,30,0.25,0.2345565753057599,0.9775020480155945,0.9654298424720764,0.9740792661905289,True
syncs_JA_to_DE_43,moss_tts_v15,JA_to_DE,ja,de,3,,42.88,0.9893617021276596,0.6654761904761904,0.9213185274109643,CER,WER,94,25,0.0,0.35175460452834767,0.9752448797225952,0.9650634527206421,0.910737156867981,True
syncs_JA_to_DE_47,moss_tts_v15,JA_to_DE,ja,de,3,,42.24,0.7154471544715447,0.6613756613756614,0.7057142857142857,CER,WER,123,27,0.0,0.11652293149381876,0.9685495495796204,0.9642720818519592,0.9633022745450338,True
syncs_JA_to_DE_51,moss_tts_v15,JA_to_DE,ja,de,4,,32.96,1.054054054054054,0.738095238095238,0.9868287740628165,CER,WER,111,30,0.25,0.2563617325213272,0.9801760911941528,0.9764557480812073,0.9714527875185013,True
syncs_JA_to_DE_55,moss_tts_v15,JA_to_DE,ja,de,4,,44.0,0.6791044776119403,0.5833333333333334,0.6597222222222223,CER,WER,134,34,0.0,0.32771502062678337,0.9843429327011108,0.9802323579788208,0.9839429706335068,True
syncs_JA_to_DE_59,moss_tts_v15,JA_to_DE,ja,de,3,,38.08,0.8842975206611571,0.9523809523809524,0.8943661971830986,CER,WER,121,21,0.0,0.003226191756160309,0.9916472434997559,0.9900271892547607,0.98332146803538,True
syncs_JA_to_DE_63,moss_tts_v15,JA_to_DE,ja,de,3,,38.0,0.7410071942446043,1.1428571428571428,0.79375,CER,WER,139,21,0.0,0.005531363926517467,0.9605279564857483,0.9541203379631042,0.9658916592597961,True
syncs_JA_to_DE_67,moss_tts_v15,JA_to_DE,ja,de,4,,51.76,0.35714285714285715,0.6929563492063492,0.4060171212459945,CER,WER,182,31,0.25,0.266672124969773,0.9641867876052856,0.9648785591125488,0.9544615149497986,True
syncs_JA_to_DE_71,moss_tts_v15,JA_to_DE,ja,de,3,,41.28,0.8682170542635659,0.3851851851851852,0.8005925925925926,CER,WER,129,21,0.3333333333333333,0.3437380315735936,0.959585428237915,0.9528813362121582,0.9662572145462036,True
syncs_JA_to_DE_75,moss_tts_v15,JA_to_DE,ja,de,4,,37.2,0.9747899159663865,0.5746753246753247,0.8838547815820543,CER,WER,119,35,0.25,0.21988526242785156,0.9862160086631775,0.9819789528846741,0.9680256843566895,True
syncs_JA_to_DE_79,moss_tts_v15,JA_to_DE,ja,de,3,,35.36,0.7682926829268293,0.5861111111111111,0.7270440251572327,CER,WER,82,24,0.0,0.03943379782140255,0.9711022973060608,0.9735159873962402,0.9640939235687256,True
syncs_JA_to_DE_83,moss_tts_v15,JA_to_DE,ja,de,4,,45.12,0.8359375,0.5252976190476191,0.7785581589323627,CER,WER,128,29,0.0,0.010917562496615574,0.9810616970062256,0.9762527942657471,0.9721784591674805,True
syncs_JA_to_DE_87,moss_tts_v15,JA_to_DE,ja,de,3,,35.76,1.1058823529411765,0.5833333333333334,0.9834834834834836,CER,WER,85,26,0.3333333333333333,0.5487236020465692,0.9762710928916931,0.9709860682487488,0.9823347926139832,True
syncs_JA_to_DE_91,moss_tts_v15,JA_to_DE,ja,de,3,,42.16,0.6190476190476191,0.7182539682539683,0.6332199546485261,CER,WER,126,21,0.0,0.003616167368212094,0.9790520668029785,0.9785129427909851,0.9806983470916748,True
syncs_JA_to_DE_95,moss_tts_v15,JA_to_DE,ja,de,3,,31.6,0.6464646464646465,0.8253968253968254,0.6801977621649753,CER,WER,99,23,0.0,0.025110060426717002,0.9597857594490051,0.957749605178833,0.9625248114267985,True
syncs_JA_to_DE_99,moss_tts_v15,JA_to_DE,ja,de,4,,45.6,1.0789473684210527,0.375,0.9246575342465754,CER,WER,114,32,0.0,0.05354878364596516,0.9814399480819702,0.976464569568634,0.9836945235729218,True
syncs_FR_to_KO_3,moss_tts_v15,FR_to_KO,fr,ko,3,,28.64,0.5957446808510638,0.6513888888888889,0.624146412037037,WER,CER,47,49,0.0,0.004472051203871767,0.9820610284805298,0.9919453263282776,0.9668262600898743,True
syncs_FR_to_KO_7,moss_tts_v15,FR_to_KO,fr,ko,4,,45.12,0.6829268292682927,0.6732487922705314,0.676501247327156,WER,CER,41,81,0.0,0.0026870827496168204,0.9763554930686951,0.980490505695343,0.9680772721767426,True
syncs_FR_to_KO_11,moss_tts_v15,FR_to_KO,fr,ko,3,,42.16,0.7017543859649122,0.8341307814992026,0.7690837595556289,WER,CER,57,59,0.0,0.00789695434893171,0.9765397310256958,0.978427529335022,0.9719037413597107,True
syncs_FR_to_KO_15,moss_tts_v15,FR_to_KO,fr,ko,4,,37.52,0.8448275862068966,0.5437865497076023,0.6731226987221138,WER,CER,58,77,0.0,0.0015677641385991592,0.984144926071167,0.9868338704109192,0.9702092111110687,True
syncs_FR_to_KO_19,moss_tts_v15,FR_to_KO,fr,ko,4,,26.56,0.8181818181818182,0.6444465944272446,0.7109192017768206,WER,CER,44,71,0.0,0.022406795204005903,0.9840869307518005,0.9891211986541748,0.9784556180238724,True
syncs_FR_to_KO_23,moss_tts_v15,FR_to_KO,fr,ko,4,,42.0,0.8181818181818182,0.7644927536231884,0.7826644370122631,WER,CER,44,86,0.0,0.019730315660126507,0.9808000326156616,0.9888147115707397,0.9489722102880478,True
syncs_FR_to_KO_27,moss_tts_v15,FR_to_KO,fr,ko,4,,33.36,0.696969696969697,0.9145220588235294,0.8420046048722519,WER,CER,33,66,0.0,0.01093265414237976,0.9774805307388306,0.9821940064430237,0.9752462357282639,True
syncs_FR_to_KO_31,moss_tts_v15,FR_to_KO,fr,ko,3,,37.84,0.6153846153846154,0.5444444444444445,0.5795767195767195,WER,CER,52,53,0.0,0.0031740877117651203,0.984975278377533,0.9882283806800842,0.9446459213892618,True
syncs_FR_to_KO_35,moss_tts_v15,FR_to_KO,fr,ko,3,,36.56,0.52,0.26104559056504134,0.3707720352408713,WER,CER,50,68,0.3333333333333333,0.604475624859333,0.9756364822387695,0.9823216199874878,0.9750886758168539,True
syncs_FR_to_KO_39,moss_tts_v15,FR_to_KO,fr,ko,3,,34.16,0.3695652173913043,0.9841269841269841,0.7247706422018348,WER,CER,46,63,0.0,0.012306420287738243,0.9916630387306213,0.9932188391685486,0.9759724338849386,True
syncs_FR_to_KO_43,moss_tts_v15,FR_to_KO,fr,ko,3,,34.48,0.5918367346938775,0.8472222222222222,0.7233223322332233,WER,CER,49,52,0.0,0.003805391568069657,0.9711712598800659,0.9799672365188599,0.9757487773895264,True
syncs_FR_to_KO_47,moss_tts_v15,FR_to_KO,fr,ko,3,,36.32,0.8372093023255814,0.4424908424908425,0.626978818283166,WER,CER,43,49,0.0,0.013581487815827131,0.976249098777771,0.9834423065185547,0.9577201008796692,True
syncs_FR_to_KO_51,moss_tts_v15,FR_to_KO,fr,ko,4,,39.84,0.6666666666666666,0.540296052631579,0.589319135662432,WER,CER,45,71,0.0,0.0024567703367210925,0.9879573583602905,0.9881947636604309,0.9609683156013489,True
syncs_FR_to_KO_55,moss_tts_v15,FR_to_KO,fr,ko,4,,33.6,0.5625,0.5555555555555556,0.5585585585585585,WER,CER,48,63,0.0,0.002614395139971748,0.9787166118621826,0.9769904613494873,0.9713508635759354,True
syncs_FR_to_KO_59,moss_tts_v15,FR_to_KO,fr,ko,3,,37.12,0.6666666666666666,1.5454822954822953,1.2045624394762324,WER,CER,45,71,0.0,0.005650026025250554,0.9881689548492432,0.9921085834503174,0.9740453362464905,True
syncs_FR_to_KO_63,moss_tts_v15,FR_to_KO,fr,ko,3,,37.6,0.6909090909090909,0.5457211870255348,0.6128248400809599,WER,CER,55,64,0.0,0.003032410672555367,0.9876024723052979,0.989103376865387,0.9761990507443746,True
syncs_FR_to_KO_67,moss_tts_v15,FR_to_KO,fr,ko,3,,29.84,0.7142857142857143,0.6363636363636364,0.679144385026738,WER,CER,56,46,0.0,0.0029725757970785103,0.9876258969306946,0.9912527203559875,0.9647178649902344,True
syncs_FR_to_KO_71,moss_tts_v15,FR_to_KO,fr,ko,3,,37.92,0.7857142857142857,1.2036363636363636,1.0133628972653363,WER,CER,56,67,0.0,0.005591382000905772,0.9895490407943726,0.9929609298706055,0.9620853265126547,True
syncs_FR_to_KO_75,moss_tts_v15,FR_to_KO,fr,ko,3,,38.72,0.6122448979591837,0.7991341991341991,0.711919191919192,WER,CER,49,56,0.0,0.001940909307450056,0.9834990501403809,0.9888988733291626,0.9659583767255148,True
syncs_FR_to_KO_79,moss_tts_v15,FR_to_KO,fr,ko,3,,34.64,0.6086956521739131,2.278427550357375,1.5801760292988363,WER,CER,46,64,0.0,0.006904208023721973,0.9827370643615723,0.9893131852149963,0.9699281255404154,True
syncs_FR_to_KO_83,moss_tts_v15,FR_to_KO,fr,ko,3,,29.76,0.2962962962962963,0.4726678550207962,0.3844820756585463,WER,CER,54,54,0.0,0.017103308307317395,0.9894515872001648,0.9922361373901367,0.9739647308985392,True
syncs_FR_to_KO_87,moss_tts_v15,FR_to_KO,fr,ko,3,,34.96,0.5689655172413793,0.849813258636788,0.7093893879390836,WER,CER,58,58,0.0,0.0006395075906766579,0.9892925024032593,0.9923072457313538,0.9694387118021647,True
syncs_FR_to_KO_91,moss_tts_v15,FR_to_KO,fr,ko,4,,37.76,0.9183673469387755,0.7309523809523809,0.8044190476190477,WER,CER,49,76,0.0,0.03006722177087795,0.9861498475074768,0.9887804985046387,0.9728748351335526,True
syncs_FR_to_KO_95,moss_tts_v15,FR_to_KO,fr,ko,4,,33.52,0.7142857142857143,0.8068181818181819,0.7741596638655462,WER,CER,42,77,0.0,0.005415873216406908,0.9830611944198608,0.9818690419197083,0.9750754535198212,True
syncs_FR_to_KO_99,moss_tts_v15,FR_to_KO,fr,ko,4,,46.0,0.6428571428571429,0.6168730650154799,0.6266170942061036,WER,CER,42,70,0.25,0.21015438676113263,0.9740943312644958,0.9841613173484802,0.9482690840959549,True
syncs_KO_to_FR_3,moss_tts_v15,KO_to_FR,ko,fr,4,,42.88,0.583941605839416,0.7929292929292929,0.6293217893217894,CER,WER,137,38,0.0,0.013509158252418274,0.9780556559562683,0.981243371963501,0.9563353061676025,True
syncs_KO_to_FR_7,moss_tts_v15,KO_to_FR,ko,fr,3,,52.8,0.5989583333333334,0.35016835016835013,0.5634169071669072,CER,WER,192,32,0.0,0.08673770974079768,0.9800008535385132,0.9812382459640503,0.9641913374265035,True
syncs_KO_to_FR_11,moss_tts_v15,KO_to_FR,ko,fr,3,,41.28,0.5106382978723404,0.3605283605283605,0.48216917182434427,CER,WER,141,33,0.3333333333333333,0.6453318695227305,0.9797608852386475,0.9792938828468323,0.9693316221237183,True
syncs_KO_to_FR_15,moss_tts_v15,KO_to_FR,ko,fr,4,,49.36,0.42011834319526625,0.4810606060606061,0.43247927387078333,CER,WER,169,43,0.0,0.025434118273551576,0.9796375632286072,0.9751849174499512,0.9607796967029572,True
syncs_KO_to_FR_19,moss_tts_v15,KO_to_FR,ko,fr,4,,50.0,0.6842105263157895,0.5555555555555556,0.6595744680851063,CER,WER,152,36,0.0,0.12139580631628633,0.9753329157829285,0.9765625,0.9527852237224579,True
syncs_KO_to_FR_23,moss_tts_v15,KO_to_FR,ko,fr,4,,60.08,0.50920245398773,0.6085858585858586,0.529176569617746,CER,WER,163,41,0.0,0.010401297186035663,0.9780700206756592,0.9782065749168396,0.9354475289583206,True
syncs_KO_to_FR_27,moss_tts_v15,KO_to_FR,ko,fr,4,,40.4,0.43609022556390975,0.2523809523809524,0.38964686998394865,CER,WER,133,45,0.5,0.698506772518158,0.9791458249092102,0.9795079827308655,0.9496250450611115,True
syncs_KO_to_FR_31,moss_tts_v15,KO_to_FR,ko,fr,3,,48.08,0.5844155844155844,0.6888888888888889,0.6023894862604541,CER,WER,154,32,0.0,0.04415195397935653,0.9820818305015564,0.9840612411499023,0.9542399247487386,True
syncs_KO_to_FR_35,moss_tts_v15,KO_to_FR,ko,fr,3,,43.28,0.5256410256410257,0.7333333333333334,0.5600713012477718,CER,WER,156,31,0.3333333333333333,0.045353996800258756,0.9781955480575562,0.980112612247467,0.9076717694600424,True
syncs_KO_to_FR_39,moss_tts_v15,KO_to_FR,ko,fr,3,,42.96,0.6538461538461539,0.9209401709401709,0.7004816171482838,CER,WER,156,33,0.0,0.17099303616366038,0.9801973104476929,0.9770618081092834,0.9586410522460938,True
syncs_KO_to_FR_43,moss_tts_v15,KO_to_FR,ko,fr,3,,44.0,0.5987654320987654,0.5851851851851853,0.5965841489157552,CER,WER,162,31,0.0,0.03261828375980258,0.9736916422843933,0.976535439491272,0.9432690143585205,True
syncs_KO_to_FR_47,moss_tts_v15,KO_to_FR,ko,fr,4,,47.92,0.6050955414012739,0.47853535353535354,0.5799126468769326,CER,WER,157,39,0.25,0.007058548731947667,0.9779160022735596,0.9736242294311523,0.9495739936828613,True
syncs_KO_to_FR_51,moss_tts_v15,KO_to_FR,ko,fr,4,,42.88,0.6981132075471698,0.5243055555555556,0.666756156930126,CER,WER,159,35,0.0,0.017347184708341956,0.9760476350784302,0.9765026569366455,0.961004912853241,True
syncs_KO_to_FR_55,moss_tts_v15,KO_to_FR,ko,fr,4,,50.24,0.6312849162011173,0.47774170274170275,0.6009893942629367,CER,WER,179,44,0.25,0.29995086695998907,0.9739120602607727,0.9752039909362793,0.9530107825994492,True
syncs_KO_to_FR_59,moss_tts_v15,KO_to_FR,ko,fr,3,,39.04,0.4838709677419355,0.8222222222222222,0.54026284348865,CER,WER,155,31,0.0,0.058384197182022035,0.9832732081413269,0.9842813014984131,0.9619479179382324,True
syncs_KO_to_FR_63,moss_tts_v15,KO_to_FR,ko,fr,3,,42.8,0.4805194805194805,0.5021645021645021,0.48364598364598366,CER,WER,154,26,0.3333333333333333,0.01716512193282445,0.9779734015464783,0.9755859375,0.9172767996788025,True
syncs_KO_to_FR_67,moss_tts_v15,KO_to_FR,ko,fr,3,,46.08,0.7655172413793103,0.67003367003367,0.7496033128217037,CER,WER,145,29,0.0,0.1604000071529299,0.972887396812439,0.9754822254180908,0.9632549087206522,True
syncs_KO_to_FR_71,moss_tts_v15,KO_to_FR,ko,fr,3,,45.68,0.6582278481012658,0.58994708994709,0.6485794801012192,CER,WER,158,26,0.3333333333333333,0.1483417806448415,0.9790905117988586,0.9738181233406067,0.9542593955993652,True
syncs_KO_to_FR_75,moss_tts_v15,KO_to_FR,ko,fr,3,,38.32,0.49333333333333335,1.0,0.5777777777777777,CER,WER,150,30,0.0,0.00018280572354948768,0.9866127967834473,0.987458348274231,0.965538501739502,True
syncs_KO_to_FR_79,moss_tts_v15,KO_to_FR,ko,fr,3,,43.92,0.4774193548387097,0.6518518518518519,0.5049114331723028,CER,WER,155,29,0.0,0.003279665058168272,0.977415919303894,0.9805415868759155,0.9415731430053711,True
syncs_KO_to_FR_83,moss_tts_v15,KO_to_FR,ko,fr,3,,48.8,0.5119047619047619,0.6238095238095238,0.5283780517283055,CER,WER,168,29,0.0,0.05125050386413932,0.9730532765388489,0.973639965057373,0.9472926060358683,True
syncs_KO_to_FR_87,moss_tts_v15,KO_to_FR,ko,fr,4,,48.48,0.6954022988505747,0.6021367521367521,0.677616775988869,CER,WER,174,41,0.25,0.1529007968492806,0.9817699193954468,0.9799037575721741,0.96630859375,True
syncs_KO_to_FR_91,moss_tts_v15,KO_to_FR,ko,fr,4,,49.92,0.6,0.4097222222222222,0.5650510204081632,CER,WER,160,36,0.0,0.011813020915724337,0.9801958799362183,0.9854482412338257,0.9567965120077133,True
syncs_KO_to_FR_95,moss_tts_v15,KO_to_FR,ko,fr,4,,43.04,0.5763888888888888,0.7395833333333333,0.607560861423221,CER,WER,144,34,0.0,0.03646554355509579,0.9745445251464844,0.9742414355278015,0.9473286867141724,True
syncs_KO_to_FR_99,moss_tts_v15,KO_to_FR,ko,fr,3,,38.32,0.4744525547445255,0.7222222222222222,0.5164983164983166,CER,WER,137,28,0.0,0.018228771242623527,0.9840390682220459,0.9801984429359436,0.9674275120099386,True
syncs_FR_to_JA_3,moss_tts_v15,FR_to_JA,fr,ja,3,,38.08,0.4,1.3444444444444446,0.833933933933934,WER,CER,60,51,0.0,0.0007020011738253137,0.9860503077507019,0.9868894815444946,0.9529656569163004,True
syncs_FR_to_JA_7,moss_tts_v15,FR_to_JA,fr,ja,4,,38.88,0.7708333333333334,0.5838365539452496,0.6457389360875118,WER,CER,48,97,0.0,0.1220986022381112,0.9843602180480957,0.9855012893676758,0.9606983363628387,True
syncs_FR_to_JA_11,moss_tts_v15,FR_to_JA,fr,ja,4,,35.76,0.42105263157894735,0.99375,0.7217187500000001,WER,CER,57,63,0.0,0.004763965494930744,0.9887471795082092,0.9842839241027832,0.9822610318660736,True
syncs_FR_to_JA_15,moss_tts_v15,FR_to_JA,fr,ja,3,,35.36,0.484375,0.9642857142857143,0.6717687074829931,WER,CER,64,41,0.0,0.0034472852324446044,0.9874840974807739,0.9918203353881836,0.9597724080085754,True
syncs_FR_to_JA_19,moss_tts_v15,FR_to_JA,fr,ja,3,,28.32,0.35185185185185186,2.5146520146520146,1.2721923466604317,WER,CER,54,40,0.0,0.012696411926299334,0.9848150014877319,0.9890443682670593,0.985668937365214,True
syncs_FR_to_JA_23,moss_tts_v15,FR_to_JA,fr,ja,4,,35.76,0.5490196078431373,1.072549019607843,0.8362658337671351,WER,CER,51,62,0.0,0.06707995606120676,0.9879953265190125,0.9888073205947876,0.9782932251691818,True
syncs_FR_to_JA_27,moss_tts_v15,FR_to_JA,fr,ja,3,,28.4,0.6304347826086957,2.111111111111111,1.354320987654321,WER,CER,46,44,0.0,0.01958639706329753,0.9830077290534973,0.9850093126296997,0.9569991230964661,True
syncs_FR_to_JA_31,moss_tts_v15,FR_to_JA,fr,ja,4,,33.44,0.851063829787234,0.571078431372549,0.6865110079119366,WER,CER,47,67,0.25,0.1620375383645296,0.969864547252655,0.9815533757209778,0.9728481769561768,True
syncs_FR_to_JA_35,moss_tts_v15,FR_to_JA,fr,ja,4,,33.68,0.5510204081632653,1.1485042735042734,0.8871050824175823,WER,CER,49,63,0.0,0.0067518671858124435,0.9842830896377563,0.9800475835800171,0.9666144400835037,True
syncs_FR_to_JA_39,moss_tts_v15,FR_to_JA,fr,ja,4,,30.48,0.8108108108108109,0.9629120879120879,0.9003815628815629,WER,CER,37,53,0.0,0.045010387897491455,0.9779537320137024,0.9840855598449707,0.9545077085494995,True
syncs_FR_to_JA_43,moss_tts_v15,FR_to_JA,fr,ja,4,,44.8,0.6037735849056604,0.7934782608695652,0.7195492327365729,WER,CER,53,83,0.0,0.0035400465421844274,0.972065806388855,0.9814056158065796,0.9680642485618591,True
syncs_FR_to_JA_47,moss_tts_v15,FR_to_JA,fr,ja,4,,32.72,0.5111111111111111,1.1423611111111112,0.8817533129459735,WER,CER,45,64,0.0,0.021973429538775235,0.9771314263343811,0.9819074273109436,0.9663861840963364,True
syncs_FR_to_JA_51,moss_tts_v15,FR_to_JA,fr,ja,4,,44.08,0.6774193548387096,1.1760416666666667,0.9267305107526881,WER,CER,62,62,0.0,0.011539354745764285,0.9855620861053467,0.982056736946106,0.9609100520610809,True
syncs_FR_to_JA_55,moss_tts_v15,FR_to_JA,fr,ja,3,,30.48,0.574468085106383,0.9841269841269842,0.7701940035273368,WER,CER,47,43,0.0,0.011097228877285184,0.979164183139801,0.9815085530281067,0.95550670226415,True
syncs_FR_to_JA_59,moss_tts_v15,FR_to_JA,fr,ja,3,,40.0,0.6326530612244898,0.8782894736842105,0.7579276315789474,WER,CER,49,51,0.0,0.0025848039658740163,0.9848236441612244,0.9857733845710754,0.9778309464454651,True
syncs_FR_to_JA_63,moss_tts_v15,FR_to_JA,fr,ja,3,,27.68,0.45652173913043476,0.8370614035087719,0.654719480994152,WER,CER,46,50,0.0,0.013212932894627253,0.9748718738555908,0.9844459891319275,0.9552850127220154,True
syncs_FR_to_JA_67,moss_tts_v15,FR_to_JA,fr,ja,3,,31.36,0.543859649122807,0.638095238095238,0.5843809523809523,WER,CER,57,43,0.0,0.012431284742585072,0.9901058673858643,0.9890592694282532,0.974016010761261,True
syncs_FR_to_JA_71,moss_tts_v15,FR_to_JA,fr,ja,4,,38.48,0.6666666666666666,2.5828869047619047,1.7684933035714285,WER,CER,51,69,0.0,0.027884258539415896,0.9800918102264404,0.9815146923065186,0.9697222262620926,True
syncs_FR_to_JA_75,moss_tts_v15,FR_to_JA,fr,ja,3,,35.04,0.5,0.7035742035742035,0.5906675024322083,WER,CER,66,53,0.0,0.016831266781082377,0.9772831797599792,0.9821546077728271,0.9661774039268494,True
syncs_FR_to_JA_79,moss_tts_v15,FR_to_JA,fr,ja,3,,33.28,0.3793103448275862,0.811965811965812,0.5659460365342719,WER,CER,58,44,0.0,0.007504266919568181,0.9901241660118103,0.9901566505432129,0.9729004502296448,True
syncs_FR_to_JA_83,moss_tts_v15,FR_to_JA,fr,ja,4,,35.76,0.5818181818181818,1.168040293040293,0.8667111704494882,WER,CER,55,52,0.0,0.016763731604442,0.9886974692344666,0.9888172745704651,0.9699903726577759,True
syncs_FR_to_JA_87,moss_tts_v15,FR_to_JA,fr,ja,4,,36.96,0.5555555555555556,0.9258241758241759,0.7488816493241273,WER,CER,54,59,0.0,0.08576473803259432,0.9918045401573181,0.9913552403450012,0.9546510279178619,True
syncs_FR_to_JA_91,moss_tts_v15,FR_to_JA,fr,ja,4,,47.84,0.6071428571428571,0.9725490196078431,0.8034354237562794,WER,CER,56,65,0.0,0.05078243021853268,0.9811813831329346,0.9849499464035034,0.9629247039556503,True
syncs_FR_to_JA_95,moss_tts_v15,FR_to_JA,fr,ja,3,,31.36,0.35185185185185186,1.2857142857142856,0.7604166666666666,WER,CER,54,42,0.0,0.009158176369965076,0.9841629862785339,0.9852246046066284,0.9645964105923971,True
syncs_FR_to_JA_99,moss_tts_v15,FR_to_JA,fr,ja,3,,30.24,0.6101694915254238,0.9552538964303671,0.7594848590323704,WER,CER,59,45,0.0,0.009005148196592927,0.9907894730567932,0.9933598041534424,0.9577484528223673,True
syncs_JA_to_FR_3,moss_tts_v15,JA_to_FR,ja,fr,4,,37.6,0.608,0.7704545454545455,0.6481243154435926,CER,WER,125,41,0.0,0.1521863784873858,0.9797840118408203,0.9760655760765076,0.9586721807718277,True
syncs_JA_to_FR_7,moss_tts_v15,JA_to_FR,ja,fr,4,,37.12,0.7652173913043478,0.5830357142857143,0.7227083333333333,CER,WER,115,35,0.0,0.02715748082846403,0.958457350730896,0.9545099139213562,0.9538919478654861,True
syncs_JA_to_FR_11,moss_tts_v15,JA_to_FR,ja,fr,4,,38.24,0.8110236220472441,0.6330808080808081,0.7692177802117561,CER,WER,127,39,0.0,0.02389739334466867,0.9500290155410767,0.9400185942649841,0.9681622982025146,True
syncs_JA_to_FR_15,moss_tts_v15,JA_to_FR,ja,fr,3,,40.8,0.7555555555555555,0.5343915343915344,0.7209986772486772,CER,WER,135,25,0.3333333333333333,0.24914688368638357,0.9488901495933533,0.9426583647727966,0.9605408112208048,True
syncs_JA_to_FR_19,moss_tts_v15,JA_to_FR,ja,fr,3,,30.96,0.6867469879518072,2.3156565656565657,1.1889941077441077,CER,WER,83,37,0.0,0.0024310903002818427,0.9779579639434814,0.9738637208938599,0.973108192284902,True
syncs_JA_to_FR_23,moss_tts_v15,JA_to_FR,ja,fr,4,,39.28,0.8017241379310345,0.4642857142857143,0.7269894534995206,CER,WER,116,33,0.25,0.2590355696156621,0.9758151769638062,0.9755691289901733,0.9681257605552673,True
syncs_JA_to_FR_27,moss_tts_v15,JA_to_FR,ja,fr,3,,38.96,0.8714285714285714,0.8416666666666667,0.8666167664670659,CER,WER,140,27,0.0,0.11765506615241368,0.9700775742530823,0.966852605342865,0.9795205394426981,True
syncs_JA_to_FR_31,moss_tts_v15,JA_to_FR,ja,fr,4,,34.88,0.896551724137931,0.5015151515151515,0.7971554252199413,CER,WER,116,39,0.0,0.06299235142068937,0.9652202129364014,0.9738152027130127,0.9574055075645447,True
syncs_JA_to_FR_35,moss_tts_v15,JA_to_FR,ja,fr,4,,34.64,0.594059405940594,0.5118055555555555,0.5724452554744526,CER,WER,101,36,0.0,0.042294886781746754,0.9829567670822144,0.982151985168457,0.9784920960664749,True
syncs_JA_to_FR_39,moss_tts_v15,JA_to_FR,ja,fr,4,,47.36,0.8257575757575758,0.5075757575757576,0.7462121212121212,CER,WER,132,44,0.5,0.2737608620664105,0.9821048974990845,0.9735843539237976,0.9544859230518341,True
syncs_JA_to_FR_43,moss_tts_v15,JA_to_FR,ja,fr,4,,36.4,0.6642335766423357,0.6392045454545454,0.6590252233315816,CER,WER,137,36,0.25,0.28783835703507066,0.9510179758071899,0.9501157999038696,0.9517017900943756,True
syncs_JA_to_FR_47,moss_tts_v15,JA_to_FR,ja,fr,4,,44.32,0.8717948717948718,0.3722027972027972,0.7330192955192955,CER,WER,117,45,0.0,0.1921197958290577,0.9814206957817078,0.9810948967933655,0.9563675373792648,True
syncs_JA_to_FR_51,moss_tts_v15,JA_to_FR,ja,fr,4,,36.64,0.8571428571428571,0.9137806637806638,0.8717711648175225,CER,WER,112,39,0.0,0.21266614814521745,0.9773964881896973,0.9740837216377258,0.9677976071834564,True
syncs_JA_to_FR_55,moss_tts_v15,JA_to_FR,ja,fr,3,,45.6,0.6619718309859155,0.9666666666666667,0.712156862745098,CER,WER,142,28,0.0,0.06938727033169319,0.9591638445854187,0.9525375366210938,0.9270913203557333,True
syncs_JA_to_FR_59,moss_tts_v15,JA_to_FR,ja,fr,3,,35.68,0.5378787878787878,0.49572649572649574,0.5300728078505856,CER,WER,132,30,0.3333333333333333,0.32532721959675354,0.9824977517127991,0.9834405183792114,0.9731558561325073,True
syncs_JA_to_FR_63,moss_tts_v15,JA_to_FR,ja,fr,3,,36.08,0.7570093457943925,0.75,0.7554347826086957,CER,WER,107,31,0.0,0.12588409619638696,0.984917402267456,0.9821499586105347,0.9586736957232157,True
syncs_JA_to_FR_67,moss_tts_v15,JA_to_FR,ja,fr,3,,41.52,0.7033898305084746,0.358974358974359,0.6281202241467142,CER,WER,118,33,0.3333333333333333,0.3254421077047785,0.9630435109138489,0.9624624252319336,0.9750643769900004,True
syncs_JA_to_FR_71,moss_tts_v15,JA_to_FR,ja,fr,4,,42.8,0.8984375,0.7442002442002442,0.8570137798709226,CER,WER,128,47,0.0,0.24331191228702664,0.975430428981781,0.9706851243972778,0.93959841132164,True
syncs_JA_to_FR_75,moss_tts_v15,JA_to_FR,ja,fr,3,,37.28,0.5620437956204379,0.7111111111111111,0.5873400673400674,CER,WER,137,28,0.0,0.301009035979708,0.9846600294113159,0.9830663204193115,0.9598935842514038,True
syncs_JA_to_FR_79,moss_tts_v15,JA_to_FR,ja,fr,3,,44.16,0.7952755905511811,0.7175925925925926,0.7808345204178538,CER,WER,127,29,0.0,0.054040904312084116,0.971987783908844,0.9743514657020569,0.9295373757680258,True
syncs_JA_to_FR_83,moss_tts_v15,JA_to_FR,ja,fr,4,,42.4,0.7751937984496124,0.5852272727272727,0.726878612716763,CER,WER,129,44,0.25,0.10530378995463252,0.9610053300857544,0.9583132266998291,0.9432786703109741,True
syncs_JA_to_FR_87,moss_tts_v15,JA_to_FR,ja,fr,4,,37.04,0.96875,0.6772727272727272,0.902026286966046,CER,WER,128,38,0.0,0.10321896232198924,0.9757826328277588,0.9644721746444702,0.9751933664083481,True
syncs_JA_to_FR_91,moss_tts_v15,JA_to_FR,ja,fr,4,,35.2,0.9017857142857143,0.7484848484848485,0.8607050901168548,CER,WER,112,41,0.0,0.0675599075620994,0.980520486831665,0.9692229628562927,0.9782347530126572,True
syncs_JA_to_FR_95,moss_tts_v15,JA_to_FR,ja,fr,3,,39.2,0.6722689075630253,0.24915824915824916,0.5848260381593715,CER,WER,119,31,0.0,0.02968001683863501,0.9730056524276733,0.9695909023284912,0.956945518652598,True
syncs_JA_to_FR_99,moss_tts_v15,JA_to_FR,ja,fr,3,,35.28,0.6964285714285714,0.5835497835497836,0.6738528138528139,CER,WER,112,28,0.0,0.11885743665819366,0.9717271327972412,0.970189094543457,0.9466021855672201,True
syncs_E_to_K_0,moss_tts_v15,E_to_K,en,ko,4,S,32.24,0.057692307692307696,0.1858974358974359,0.1252913752913753,WER,CER,52,58,0.75,0.9372470080852509,0.9419940114021301,0.9822232127189636,0.7642751038074493,True
syncs_E_to_K_1,moss_tts_v15,E_to_K,en,ko,3,S,39.36,0.9444444444444444,0.0909090909090909,0.491699604743083,WER,CER,54,61,0.6666666666666666,0.997636874516805,0.9680102467536926,0.9862193465232849,0.8067732254664103,True
syncs_E_to_K_2,moss_tts_v15,E_to_K,en,ko,3,S,39.68,0.23529411764705882,0.014492753623188406,0.11327231121281464,WER,CER,51,63,1.0,0.9980553785959879,0.9341422319412231,0.9741560220718384,0.7483402490615845,True
syncs_E_to_K_4,moss_tts_v15,E_to_K,en,ko,3,S,30.56,0.3620689655172414,0.037037037037037035,0.1995530012771392,WER,CER,58,58,1.0,0.9977619846661886,0.9236698150634766,0.9660292863845825,0.7134837905565897,True
syncs_E_to_K_5,moss_tts_v15,E_to_K,en,ko,3,S,29.36,0.06,0.08333333333333333,0.07154882154882154,WER,CER,50,49,0.6666666666666666,0.9835768540700277,0.9299314618110657,0.9642950296401978,0.7270098328590393,True
syncs_E_to_K_6,moss_tts_v15,E_to_K,en,ko,3,S,35.04,0.23636363636363636,0.07407407407407407,0.15672153635116595,WER,CER,55,53,1.0,0.9984765847524008,0.9405638575553894,0.9794977307319641,0.701866865158081,True
syncs_E_to_K_8,moss_tts_v15,E_to_K,en,ko,3,A,28.64,0.017543859649122806,0.2807017543859649,0.1479583915541065,WER,CER,57,56,0.6666666666666666,0.9998085498809814,0.908257246017456,0.9577838182449341,0.7198973894119263,True
syncs_E_to_K_9,moss_tts_v15,E_to_K,en,ko,3,S,27.44,0.019230769230769232,0.017543859649122806,0.01838731443994602,WER,CER,52,52,0.6666666666666666,0.9996981024742126,0.9347270727157593,0.9779645204544067,0.7410500645637512,True
syncs_E_to_K_10,moss_tts_v15,E_to_K,en,ko,4,S,32.96,0.22448979591836735,0.013888888888888888,0.10521140609636186,WER,CER,49,64,1.0,0.990338921546936,0.9197345972061157,0.9695687294006348,0.7640628516674042,True
syncs_E_to_K_12,moss_tts_v15,E_to_K,en,ko,4,S,35.2,0.17543859649122806,0.013888888888888888,0.08697089947089948,WER,CER,57,69,1.0,0.999400407075882,0.8786941766738892,0.9517784118652344,0.7168054580688477,True
syncs_E_to_K_13,moss_tts_v15,E_to_K,en,ko,4,S,31.36,0.16666666666666666,0.038461538461538464,0.09491884262526465,WER,CER,48,61,1.0,0.9984892904758453,0.8436431288719177,0.9655500054359436,0.674867793917656,True
syncs_E_to_K_14,moss_tts_v15,E_to_K,en,ko,3,S,29.84,0.017543859649122806,0.14761904761904762,0.07832665776591011,WER,CER,57,50,0.6666666666666666,0.9786053697268168,0.8868942856788635,0.9468212723731995,0.6987464427947998,True
syncs_E_to_K_16,moss_tts_v15,E_to_K,en,ko,3,S,29.04,0.0,0.11331953071083506,0.06078047556308426,WER,CER,51,59,1.0,0.9993281165758768,0.931010365486145,0.9792388677597046,0.7170756856600443,True
syncs_E_to_K_17,moss_tts_v15,E_to_K,en,ko,3,S,28.0,0.2982456140350877,0.05128205128205129,0.18929110105580693,WER,CER,57,45,0.6666666666666666,0.9964432120323181,0.9014663100242615,0.9539855718612671,0.749098002910614,True
syncs_E_to_K_18,moss_tts_v15,E_to_K,en,ko,3,S,30.72,0.10204081632653061,0.13961988304093567,0.12317904135338345,WER,CER,49,63,0.6666666666666666,0.9984663526217142,0.9150714874267578,0.9734814167022705,0.7066730856895447,True
syncs_E_to_K_20,moss_tts_v15,E_to_K,en,ko,3,S,33.28,0.2,0.14444444444444443,0.17148475909537855,WER,CER,55,58,1.0,0.9994849363962809,0.8879971504211426,0.9558013677597046,0.7183773716290792,True
syncs_E_to_K_21,moss_tts_v15,E_to_K,en,ko,3,S,29.68,0.0,0.015151515151515152,0.007575757575757576,WER,CER,57,57,1.0,0.9995685617129008,0.9448354244232178,0.9822027087211609,0.7113402287165324,True
syncs_E_to_K_22,moss_tts_v15,E_to_K,en,ko,4,S,33.28,0.20833333333333334,0.0,0.08620689655172414,WER,CER,48,68,1.0,0.9987689107656479,0.8811370134353638,0.9689139723777771,0.7014677077531815,True
syncs_E_to_K_24,moss_tts_v15,E_to_K,en,ko,4,S,33.44,1.1020408163265305,0.10686274509803922,0.5422531512605041,WER,CER,49,63,1.0,0.9989233314990997,0.8980627059936523,0.9659494757652283,0.6683264374732971,True
syncs_E_to_K_25,moss_tts_v15,E_to_K,en,ko,3,S,31.92,0.125,0.0,0.06796116504854369,WER,CER,56,47,1.0,0.9997104207674662,0.9575205445289612,0.9753707647323608,0.7212817470232645,True
syncs_E_to_K_26,moss_tts_v15,E_to_K,en,ko,4,S,29.44,0.022727272727272728,0.04371345029239766,0.03546888053467001,WER,CER,44,68,0.75,0.9997337907552719,0.8844531774520874,0.9655227661132812,0.7229067981243134,True
syncs_E_to_K_28,moss_tts_v15,E_to_K,en,ko,4,S,36.4,0.18518518518518517,0.015625,0.08946572580645161,WER,CER,54,70,1.0,0.9985073506832123,0.9080712795257568,0.9589288830757141,0.7068776488304138,True
syncs_E_to_K_29,moss_tts_v15,E_to_K,en,ko,4,S,35.52,0.17647058823529413,0.041666666666666664,0.09623015873015874,WER,CER,51,75,1.0,0.9974211305379868,0.8926699161529541,0.954750657081604,0.7039913237094879,True
syncs_E_to_K_30,moss_tts_v15,E_to_K,en,ko,3,S,28.48,0.019230769230769232,0.24242424242424243,0.12399505256648115,WER,CER,52,46,0.6666666666666666,0.9992326498031616,0.9414428472518921,0.9710672497749329,0.7492351531982422,True
syncs_E_to_K_32,moss_tts_v15,E_to_K,en,ko,4,S,32.16,0.08620689655172414,0.016666666666666666,0.052046783625730994,WER,CER,58,56,0.75,0.9958014637231827,0.9516580700874329,0.9850219488143921,0.7586155980825424,True
syncs_E_to_K_33,moss_tts_v15,E_to_K,en,ko,3,S,29.92,0.0,0.1707070707070707,0.0830043554814197,WER,CER,56,53,0.6666666666666666,0.9969303409258524,0.9303749799728394,0.9652535915374756,0.7628738482793173,True
syncs_E_to_K_34,moss_tts_v15,E_to_K,en,ko,4,S,26.16,0.05555555555555555,0.15,0.11458333333333333,WER,CER,36,60,1.0,0.9993219524621964,0.8511221408843994,0.9536254405975342,0.7141992002725601,True
syncs_E_to_K_36,moss_tts_v15,E_to_K,en,ko,4,S,35.52,0.25,0.2647058823529412,0.25838599902771026,WER,CER,52,69,0.75,0.9993348568677902,0.8130404353141785,0.9579933285713196,0.6662105917930603,True
syncs_E_to_K_37,moss_tts_v15,E_to_K,en,ko,4,S,29.36,1.2156862745098038,0.05756578947368421,0.5456992170508916,WER,CER,51,70,1.0,0.9997871369123459,0.8772711753845215,0.9604302644729614,0.7094198763370514,True
syncs_E_to_K_38,moss_tts_v15,E_to_K,en,ko,4,S,25.92,0.021739130434782608,0.03125,0.027083333333333334,WER,CER,46,59,1.0,0.9992633014917374,0.9173409342765808,0.9739529490470886,0.7267400324344635,True
syncs_E_to_K_40,moss_tts_v15,E_to_K,en,ko,3,S,31.52,0.03571428571428571,0.0925925925925926,0.06310013717421124,WER,CER,56,52,1.0,0.9985543290774027,0.9440411329269409,0.9675337076187134,0.7871624231338501,True
syncs_E_to_K_41,moss_tts_v15,E_to_K,en,ko,3,S,31.84,0.1016949152542373,0.020833333333333332,0.06420454545454546,WER,CER,59,51,1.0,0.9995354016621908,0.9300248026847839,0.9779936671257019,0.7213845054308573,True
syncs_E_to_K_42,moss_tts_v15,E_to_K,en,ko,4,S,26.24,0.02564102564102564,0.1338235294117647,0.09546791443850268,WER,CER,39,71,1.0,0.9996655285358429,0.8934107422828674,0.9825402498245239,0.7051291763782501,True
syncs_E_to_K_44,moss_tts_v15,E_to_K,en,ko,3,S,27.76,0.0,0.0,0.0,WER,CER,50,48,1.0,0.9989871184031168,0.9194276928901672,0.9757354259490967,0.742711087067922,True
syncs_E_to_K_45,moss_tts_v15,E_to_K,en,ko,3,S,25.04,0.0,0.07017543859649122,0.03783969728242174,WER,CER,47,55,1.0,0.9999078512191772,0.9044537544250488,0.9593830108642578,0.7101400891939799,True
syncs_E_to_K_46,moss_tts_v15,E_to_K,en,ko,3,S,27.12,0.058823529411764705,0.07675438596491228,0.0677889576883385,WER,CER,51,51,1.0,0.8610012332598368,0.9340150952339172,0.9804526567459106,0.7355167865753174,True
syncs_E_to_K_48,moss_tts_v15,E_to_K,en,ko,3,S,25.68,0.017241379310344827,0.0196078431372549,0.01834862385321101,WER,CER,58,51,1.0,0.9985101819038391,0.9394152760505676,0.9793205261230469,0.7140229543050131,True
syncs_E_to_K_49,moss_tts_v15,E_to_K,en,ko,3,B,33.52,0.22448979591836735,0.40476190476190477,0.31274801587301587,WER,CER,49,47,0.6666666666666666,0.9967938661575317,0.8997176289558411,0.970794141292572,0.6851659615834554,True
syncs_E_to_K_50,moss_tts_v15,E_to_K,en,ko,4,S,27.2,0.4716981132075472,0.09542124542124542,0.2719050860643781,WER,CER,53,60,1.0,0.9993823915719986,0.9010417461395264,0.972205400466919,0.70198093354702,True
syncs_E_to_K_52,moss_tts_v15,E_to_K,en,ko,3,S,29.04,0.0,0.016666666666666666,0.009971509971509971,WER,CER,47,70,1.0,0.9999093612035116,0.8913530111312866,0.9560461044311523,0.7470889290173849,True
syncs_E_to_K_53,moss_tts_v15,E_to_K,en,ko,3,S,30.16,0.0,0.035480859010270774,0.019054535394404673,WER,CER,50,58,1.0,0.9995143810907999,0.9017693996429443,0.9643771648406982,0.7344210942586263,True
syncs_E_to_K_54,moss_tts_v15,E_to_K,en,ko,3,S,28.96,0.0,0.13392857142857142,0.06899350649350648,WER,CER,48,51,0.3333333333333333,0.9998450676600138,0.8967944383621216,0.9687448740005493,0.6717390219370524,True
syncs_E_to_K_56,moss_tts_v15,E_to_K,en,ko,4,S,27.2,0.5,0.04722222222222222,0.24675141242937854,WER,CER,52,66,1.0,0.9995023161172867,0.9164047241210938,0.974278450012207,0.7025252878665924,True
syncs_E_to_K_57,moss_tts_v15,E_to_K,en,ko,4,S,32.32,0.15384615384615385,0.060897435897435896,0.10444097944097945,WER,CER,52,59,1.0,0.9997212588787079,0.8708416819572449,0.9673826694488525,0.7011220306158066,True
syncs_E_to_K_58,moss_tts_v15,E_to_K,en,ko,4,S,34.0,0.21568627450980393,0.07417582417582418,0.14038713579997986,WER,CER,51,58,1.0,0.9975896924734116,0.9641237854957581,0.9807845950126648,0.7521429508924484,True
syncs_E_to_K_60,moss_tts_v15,E_to_K,en,ko,4,S,25.2,0.02127659574468085,0.05555555555555555,0.04063786008230453,WER,CER,47,61,1.0,0.9995088428258896,0.9205580353736877,0.9776806831359863,0.6987265944480896,True
syncs_E_to_K_61,moss_tts_v15,E_to_K,en,ko,3,S,31.84,0.24561403508771928,0.6666666666666666,0.43589743589743585,WER,CER,57,47,0.3333333333333333,0.9972640673319498,0.9351760149002075,0.9781830906867981,0.687220056851705,True
syncs_E_to_K_62,moss_tts_v15,E_to_K,en,ko,4,S,42.8,0.6862745098039216,0.13655462184873948,0.3741454208802165,WER,CER,51,67,0.75,0.996918573975563,0.9077181816101074,0.9551465511322021,0.7117558866739273,True
syncs_E_to_K_64,moss_tts_v15,E_to_K,en,ko,4,S,33.68,0.9433962264150944,0.015625,0.409,WER,CER,53,72,1.0,0.9989538639783859,0.8911955952644348,0.9730080962181091,0.6937271952629089,True
syncs_E_to_K_65,moss_tts_v15,E_to_K,en,ko,3,A,28.08,0.06,0.16821465428276572,0.1156832687086076,WER,CER,50,53,1.0,0.9991582036018372,0.9412809610366821,0.9756158590316772,0.7116131981213888,True
syncs_E_to_K_66,moss_tts_v15,E_to_K,en,ko,3,S,36.08,0.15555555555555556,0.12354108309990662,0.1380931160342925,WER,CER,45,54,0.6666666666666666,0.9980622132619222,0.878766655921936,0.9702349901199341,0.7060568928718567,True
syncs_E_to_K_68,moss_tts_v15,E_to_K,en,ko,4,S,36.16,0.26,0.09375,0.1654094827586207,WER,CER,50,66,1.0,0.9994851499795914,0.9133901000022888,0.9822865724563599,0.7127696573734283,True
syncs_E_to_K_69,moss_tts_v15,E_to_K,en,ko,4,S,35.84,0.19642857142857142,0.13333333333333333,0.16072351421188633,WER,CER,56,73,1.0,0.9688921570777893,0.940216064453125,0.9784352779388428,0.7760406881570816,True
syncs_E_to_K_70,moss_tts_v15,E_to_K,en,ko,3,S,28.32,0.03773584905660377,0.17965367965367965,0.09789666854884245,WER,CER,53,39,0.3333333333333333,0.32405276395729743,0.9801570177078247,0.9812828302383423,0.8669394453366598,True
syncs_E_to_K_72,moss_tts_v15,E_to_K,en,ko,4,S,32.88,0.19298245614035087,0.0,0.08870967741935484,WER,CER,57,67,1.0,0.9995294809341431,0.9120577573776245,0.9686470627784729,0.7455038577318192,True
syncs_E_to_K_73,moss_tts_v15,E_to_K,en,ko,4,S,25.92,0.05,0.034722222222222224,0.04071350762527233,WER,CER,40,62,0.75,0.9941491037607193,0.8714847564697266,0.9538532495498657,0.7042454481124878,True
syncs_E_to_K_74,moss_tts_v15,E_to_K,en,ko,3,S,27.36,0.0,0.14646464646464646,0.08328381857793622,WER,CER,44,58,0.6666666666666666,0.999019722143809,0.8913328051567078,0.964755117893219,0.7254615227381388,True
syncs_E_to_K_76,moss_tts_v15,E_to_K,en,ko,3,S,34.72,0.2631578947368421,0.15288220551378445,0.20850799565284894,WER,CER,57,56,1.0,0.9996764063835144,0.9412441253662109,0.9677461981773376,0.7042599320411682,True
syncs_E_to_K_77,moss_tts_v15,E_to_K,en,ko,4,S,31.84,0.21568627450980393,0.15217086834733892,0.18109306222488994,WER,CER,51,61,0.75,0.9963217079639435,0.9373241066932678,0.9803376197814941,0.7291189581155777,True
syncs_E_to_K_78,moss_tts_v15,E_to_K,en,ko,3,S,31.84,0.24,0.022222222222222223,0.1259259259259259,WER,CER,50,55,1.0,0.9981804092725118,0.8737185001373291,0.9732593297958374,0.6541192730267843,True
syncs_E_to_K_80,moss_tts_v15,E_to_K,en,ko,3,A,26.72,0.6363636363636364,0.047619047619047616,0.3650793650793651,WER,CER,55,47,1.0,0.9874987800916036,0.9720439910888672,0.9870498776435852,0.7449984550476074,True
syncs_E_to_K_81,moss_tts_v15,E_to_K,en,ko,4,S,32.72,0.1320754716981132,0.09089635854341736,0.10878564540570326,WER,CER,53,69,0.75,0.999418243765831,0.8917939066886902,0.9661235213279724,0.7269452661275864,True
syncs_E_to_K_82,moss_tts_v15,E_to_K,en,ko,4,S,36.24,0.25862068965517243,0.10515873015873016,0.18058918482647296,WER,CER,58,60,0.75,0.9995676130056381,0.9233164191246033,0.9857186079025269,0.6840863525867462,True
syncs_E_to_K_84,moss_tts_v15,E_to_K,en,ko,4,D,36.32,0.8,0.014705882352941176,0.3512605042016807,WER,CER,45,60,1.0,0.9991070032119751,0.8580729961395264,0.9745213985443115,0.6565252542495728,True
syncs_E_to_K_85,moss_tts_v15,E_to_K,en,ko,3,S,27.04,0.0,0.03333333333333333,0.02040816326530612,WER,CER,38,60,1.0,0.9997482697168986,0.9087504148483276,0.9812922477722168,0.7352630694707235,True
syncs_E_to_K_86,moss_tts_v15,E_to_K,en,ko,3,S,29.28,0.0,0.061274509803921566,0.029305200341005967,WER,CER,60,55,1.0,0.9990350008010864,0.9445604085922241,0.9752641916275024,0.7264689207077026,True
syncs_E_to_K_88,moss_tts_v15,E_to_K,en,ko,3,S,37.28,0.21052631578947367,0.020833333333333332,0.12479967948717949,WER,CER,57,47,1.0,0.9983892242113749,0.9137126207351685,0.9545460343360901,0.7301397522290548,True
syncs_E_to_K_89,moss_tts_v15,E_to_K,en,ko,3,S,25.52,0.0,0.020833333333333332,0.010416666666666666,WER,CER,48,48,1.0,0.9996227224667867,0.9093676209449768,0.9711655378341675,0.7299083669980367,True
syncs_E_to_K_90,moss_tts_v15,E_to_K,en,ko,4,S,31.36,0.023255813953488372,0.013888888888888888,0.017422027290448342,WER,CER,43,71,1.0,0.999475821852684,0.9099283218383789,0.9775532484054565,0.7129105776548386,True
syncs_E_to_K_92,moss_tts_v15,E_to_K,en,ko,4,S,36.24,0.14545454545454545,0.04102167182662539,0.08849115983931632,WER,CER,55,66,0.75,0.9977371096611023,0.9143995046615601,0.9737433195114136,0.707633450627327,True
syncs_E_to_K_93,moss_tts_v15,E_to_K,en,ko,3,S,30.96,0.09803921568627451,0.16842105263157894,0.13423558897243107,WER,CER,51,54,1.0,0.9953573147455851,0.9254250526428223,0.9643844962120056,0.7297467589378357,True
syncs_E_to_K_94,moss_tts_v15,E_to_K,en,ko,4,S,31.76,0.125,0.0,0.05982905982905983,WER,CER,56,61,1.0,0.9992111027240753,0.9123789072036743,0.9732312560081482,0.6928743273019791,True
syncs_E_to_K_96,moss_tts_v15,E_to_K,en,ko,3,S,30.72,0.109375,0.030303030303030304,0.07355607355607355,WER,CER,64,53,0.6666666666666666,0.9990028937657675,0.9505464434623718,0.9685593843460083,0.7610521117846171,True
syncs_E_to_K_97,moss_tts_v15,E_to_K,en,ko,4,S,29.28,0.0,0.11192810457516339,0.072953139589169,WER,CER,39,73,1.0,0.9997845143079758,0.8749939203262329,0.9748457074165344,0.701335996389389,True
syncs_E_to_K_98,moss_tts_v15,E_to_K,en,ko,4,S,34.72,0.16666666666666666,0.08531746031746032,0.12532526671870933,WER,CER,60,62,0.75,0.9997202455997467,0.9195776581764221,0.9817941784858704,0.7141797989606857,True
syncs_E_to_J_0,moss_tts_v15,E_to_J,en,ja,3,S,31.68,0.06349206349206349,0.17101648351648352,0.10711046029442256,WER,CER,63,43,0.6666666666666666,0.992122232913971,0.9642921686172485,0.981763482093811,0.7104814052581787,True
syncs_E_to_J_1,moss_tts_v15,E_to_J,en,ja,3,S,36.48,0.37142857142857144,0.39646464646464646,0.3797739297739298,WER,CER,70,35,0.6666666666666666,0.9522055784861246,0.963992714881897,0.973990261554718,0.7164340615272522,True
syncs_E_to_J_2,moss_tts_v15,E_to_J,en,ja,4,A,35.76,0.4918032786885246,0.36658653846153844,0.4335884784075573,WER,CER,61,53,0.5,0.8031963892281055,0.9589564204216003,0.9803397059440613,0.7566063702106476,True
syncs_E_to_J_4,moss_tts_v15,E_to_J,en,ja,4,S,39.52,0.59375,0.5344079939668175,0.5660570638511815,WER,CER,64,56,0.25,0.9348201602697372,0.9452320337295532,0.9583264589309692,0.734561949968338,True
syncs_E_to_J_5,moss_tts_v15,E_to_J,en,ja,3,S,34.8,0.4583333333333333,0.8042735042735043,0.5778399378399378,WER,CER,72,38,0.3333333333333333,0.5083696395158768,0.9562729597091675,0.9602752327919006,0.7390830914179484,True
syncs_E_to_J_6,moss_tts_v15,E_to_J,en,ja,3,S,37.04,0.5454545454545454,0.29448621553884713,0.45032945266391783,WER,CER,77,47,1.0,0.8602933883666992,0.9673490524291992,0.9754329919815063,0.7352085908253988,True
syncs_E_to_J_8,moss_tts_v15,E_to_J,en,ja,3,A,42.16,0.4594594594594595,0.15456349206349207,0.34416266506602644,WER,CER,74,45,1.0,0.9453734954198202,0.9466708898544312,0.9573079943656921,0.7457472880681356,True
syncs_E_to_J_9,moss_tts_v15,E_to_J,en,ja,3,S,30.8,0.4696969696969697,1.719047619047619,0.9694372294372294,WER,CER,66,44,0.6666666666666666,0.9788073897361755,0.9598396420478821,0.9780759215354919,0.7393871545791626,True
syncs_E_to_J_10,moss_tts_v15,E_to_J,en,ja,3,S,33.2,0.15714285714285714,0.5149153678565443,0.3026774377721536,WER,CER,70,48,0.0,0.9928357402483622,0.9752164483070374,0.9811778664588928,0.7507298191388448,True
syncs_E_to_J_12,moss_tts_v15,E_to_J,en,ja,3,A,31.36,0.45454545454545453,0.23382173382173382,0.3687084520417854,WER,CER,66,42,1.0,0.9184480706850687,0.9687097072601318,0.9819075465202332,0.7229238351186117,True
syncs_E_to_J_13,moss_tts_v15,E_to_J,en,ja,3,S,32.4,0.34375,0.5048840048840049,0.40476190476190477,WER,CER,64,39,0.3333333333333333,0.8537659843762716,0.9713296890258789,0.9808231592178345,0.7241109808286031,True
syncs_E_to_J_14,moss_tts_v15,E_to_J,en,ja,4,S,38.24,0.4375,0.41483516483516486,0.4272330233868695,WER,CER,64,53,0.5,0.8990647941827774,0.9766636490821838,0.983395516872406,0.7405535876750946,True
syncs_E_to_J_16,moss_tts_v15,E_to_J,en,ja,4,S,42.32,0.6666666666666666,0.6706959706959706,0.6684356294112391,WER,CER,69,54,0.25,0.8998199552297592,0.9528221487998962,0.9686529040336609,0.7297848463058472,True
syncs_E_to_J_17,moss_tts_v15,E_to_J,en,ja,4,S,37.2,0.48484848484848486,0.2713675213675214,0.3805903398926655,WER,CER,66,63,0.75,0.9854080528020859,0.9564290046691895,0.961972713470459,0.7498612403869629,True
syncs_E_to_J_18,moss_tts_v15,E_to_J,en,ja,4,S,38.0,0.23076923076923078,0.6153846153846154,0.4137717121588089,WER,CER,65,59,0.25,0.8771885633468628,0.9637172818183899,0.9688230752944946,0.7059661746025085,True
syncs_E_to_J_20,moss_tts_v15,E_to_J,en,ja,4,S,34.0,0.29850746268656714,0.18706293706293708,0.2503407609339813,WER,CER,67,51,0.5,0.9795801490545273,0.9387153387069702,0.965057909488678,0.7162332832813263,True
syncs_E_to_J_21,moss_tts_v15,E_to_J,en,ja,3,S,30.64,0.36363636363636365,0.37314439946018896,0.36763974714113223,WER,CER,66,48,0.6666666666666666,0.9763853748639425,0.9589651823043823,0.9697448015213013,0.7603577574094137,True
syncs_E_to_J_22,moss_tts_v15,E_to_J,en,ja,3,S,35.84,0.8243243243243243,0.5794871794871794,0.7370345596432553,WER,CER,74,41,0.6666666666666666,0.7813925643761953,0.9724603891372681,0.97628253698349,0.7686870892842611,True
syncs_E_to_J_24,moss_tts_v15,E_to_J,en,ja,3,S,31.28,0.3484848484848485,0.3389355742296919,0.3446135210841093,WER,CER,66,45,0.6666666666666666,0.9567884206771851,0.9532575607299805,0.9728714227676392,0.7155173023541769,True
syncs_E_to_J_25,moss_tts_v15,E_to_J,en,ja,4,A,40.72,0.4925373134328358,0.36900452488687785,0.4331649654495072,WER,CER,67,62,0.5,0.8725537806749344,0.9653534293174744,0.9759014844894409,0.7014886289834976,True
syncs_E_to_J_26,moss_tts_v15,E_to_J,en,ja,4,S,34.64,0.21212121212121213,0.3044871794871795,0.2532589959060547,WER,CER,66,53,0.25,0.9829532206058502,0.9613234996795654,0.9817222952842712,0.7108267992734909,True
syncs_E_to_J_28,moss_tts_v15,E_to_J,en,ja,4,S,38.16,0.4935064935064935,0.2789918414918415,0.41219852056545603,WER,CER,77,47,0.5,0.9665599018335342,0.9780240654945374,0.9805693626403809,0.7817725986242294,True
syncs_E_to_J_29,moss_tts_v15,E_to_J,en,ja,4,S,33.04,0.4461538461538462,0.4857226107226107,0.4629618169441178,WER,CER,65,48,0.5,0.9011287540197372,0.962299644947052,0.9808816313743591,0.716981440782547,True
syncs_E_to_J_30,moss_tts_v15,E_to_J,en,ja,4,S,34.88,0.5396825396825397,0.7420079920079921,0.629207076109731,WER,CER,63,50,0.25,0.66292779520154,0.9650488495826721,0.98049396276474,0.7831550538539886,True
syncs_E_to_J_32,moss_tts_v15,E_to_J,en,ja,4,A,32.88,0.5074626865671642,0.28685897435897434,0.40605614143920593,WER,CER,67,57,0.75,0.9608562737703323,0.9548571109771729,0.9645450115203857,0.7220077365636826,True
syncs_E_to_J_33,moss_tts_v15,E_to_J,en,ja,3,A,30.16,0.29411764705882354,0.2755244755244755,0.28734069668649104,WER,CER,68,39,0.6666666666666666,0.6661801636219025,0.9692618250846863,0.9722418189048767,0.8056290745735168,True
syncs_E_to_J_34,moss_tts_v15,E_to_J,en,ja,3,S,32.64,0.4918032786885246,0.735042735042735,0.5851679185012518,WER,CER,61,38,0.0,0.9372284015019735,0.9679404497146606,0.9886113405227661,0.7411608497301737,True
syncs_E_to_J_36,moss_tts_v15,E_to_J,en,ja,3,S,27.12,0.2,0.47222222222222227,0.3004314994606257,WER,CER,65,38,0.3333333333333333,0.28425732200654846,0.97383713722229,0.9817245006561279,0.7454155683517456,True
syncs_E_to_J_37,moss_tts_v15,E_to_J,en,ja,4,S,35.36,0.4057971014492754,0.37637362637362637,0.3927463665366891,WER,CER,69,55,0.75,0.7410064233336016,0.9338513016700745,0.9698874950408936,0.7547603696584702,True
syncs_E_to_J_38,moss_tts_v15,E_to_J,en,ja,3,S,37.84,0.2028985507246377,0.5773809523809523,0.3487147071217867,WER,CER,69,44,0.3333333333333333,0.7935697635014852,0.9852965474128723,0.9878374934196472,0.760597288608551,True
syncs_E_to_J_40,moss_tts_v15,E_to_J,en,ja,3,A,33.12,0.2222222222222222,0.2039141414141414,0.2148989898989899,WER,CER,63,42,1.0,0.7505355278650919,0.9746187329292297,0.9850718379020691,0.7858125766118368,True
syncs_E_to_J_41,moss_tts_v15,E_to_J,en,ja,3,S,30.24,0.0,0.31535131535131533,0.10893954530318166,WER,CER,72,38,0.6666666666666666,0.6510381072487993,0.9699775576591492,0.9759151339530945,0.7236499587694804,True
syncs_E_to_J_42,moss_tts_v15,E_to_J,en,ja,4,S,37.12,0.4852941176470588,0.6003787878787878,0.532328722002635,WER,CER,68,47,0.25,0.5207892172038555,0.9478273391723633,0.9717711210250854,0.7461451143026352,True
syncs_E_to_J_44,moss_tts_v15,E_to_J,en,ja,3,A,32.88,0.2608695652173913,1.0277777777777777,0.5332294911734163,WER,CER,69,38,0.0,0.019874762278050184,0.97509765625,0.9828908443450928,0.8121009270350138,True
syncs_E_to_J_45,moss_tts_v15,E_to_J,en,ja,3,S,31.12,0.42857142857142855,0.28205128205128205,0.3761467889908257,WER,CER,70,39,1.0,0.9438384572664896,0.9636521339416504,0.9734342694282532,0.7703455090522766,True
syncs_E_to_J_46,moss_tts_v15,E_to_J,en,ja,3,S,34.08,0.6027397260273972,0.4722222222222222,0.5604423868312757,WER,CER,73,35,0.6666666666666666,0.9723363320032755,0.9655551910400391,0.9772040843963623,0.7176339228947958,True
syncs_E_to_J_48,moss_tts_v15,E_to_J,en,ja,4,S,34.88,0.5882352941176471,0.2846153846153846,0.4552447552447552,WER,CER,68,53,0.75,0.9136534780263901,0.9672956466674805,0.9840101003646851,0.7546616494655609,True
syncs_E_to_J_49,moss_tts_v15,E_to_J,en,ja,3,S,29.2,0.32786885245901637,0.3034188034188034,0.3183333333333333,WER,CER,61,39,0.6666666666666666,0.9791484872500101,0.9702812433242798,0.9818561673164368,0.7649169762929281,True
syncs_E_to_J_50,moss_tts_v15,E_to_J,en,ja,4,A,37.68,0.2857142857142857,0.41780303030303034,0.3366959064327486,WER,CER,70,44,0.75,0.9816208481788635,0.9613237977027893,0.9715641140937805,0.7072492986917496,True
syncs_E_to_J_52,moss_tts_v15,E_to_J,en,ja,4,S,33.36,0.746031746031746,0.37747252747252746,0.5709661172161172,WER,CER,63,57,0.75,0.9890285134315491,0.971381425857544,0.9850934743881226,0.7640502005815506,True
syncs_E_to_J_53,moss_tts_v15,E_to_J,en,ja,3,S,29.52,0.030303030303030304,0.5,0.2102803738317757,WER,CER,66,41,0.6666666666666666,0.9825679063796997,0.9719181656837463,0.9823936223983765,0.772806982199351,True
syncs_E_to_J_54,moss_tts_v15,E_to_J,en,ja,3,S,29.04,0.390625,0.4222222222222222,0.40296296296296297,WER,CER,64,41,0.6666666666666666,0.8029186328252157,0.9631108045578003,0.9647926092147827,0.7861033280690511,True
syncs_E_to_J_56,moss_tts_v15,E_to_J,en,ja,4,S,33.68,0.46875,0.6818181818181818,0.5555555555555556,WER,CER,64,44,0.75,0.6745525151491165,0.9614352583885193,0.9865326881408691,0.6767880618572235,True
syncs_E_to_J_57,moss_tts_v15,E_to_J,en,ja,4,S,40.8,0.6811594202898551,0.44816849816849813,0.5757587650444792,WER,CER,69,57,0.5,0.8339866623282433,0.9618975520133972,0.9842302203178406,0.6760197430849075,True
syncs_E_to_J_58,moss_tts_v15,E_to_J,en,ja,4,S,36.64,0.6268656716417911,0.47202797202797203,0.5606957145418684,WER,CER,67,50,0.5,0.7173878567109568,0.9591058492660522,0.9663538336753845,0.7798819690942764,True
syncs_E_to_J_60,moss_tts_v15,E_to_J,en,ja,3,A,30.0,0.35384615384615387,0.40792540792540793,0.3734631381690205,WER,CER,65,37,1.0,0.9726145068804423,0.9745648503303528,0.9857139587402344,0.7321740786234537,True
syncs_E_to_J_61,moss_tts_v15,E_to_J,en,ja,3,A,39.44,0.373134328358209,0.18938684503901895,0.27669947895664826,WER,CER,67,74,1.0,0.9969346721967062,0.9174035787582397,0.9611793160438538,0.8246384660402933,True
syncs_E_to_J_62,moss_tts_v15,E_to_J,en,ja,3,A,40.4,0.5205479452054794,0.3717171717171717,0.47139282735613014,WER,CER,73,36,0.6666666666666666,0.9457115729649862,0.9604897499084473,0.9800404906272888,0.7565881411234537,True
syncs_E_to_J_64,moss_tts_v15,E_to_J,en,ja,4,S,40.96,0.4838709677419355,0.3136655011655012,0.40705257132248285,WER,CER,62,51,0.75,0.9640033841133118,0.9592267274856567,0.97965407371521,0.7705480009317398,True
syncs_E_to_J_65,moss_tts_v15,E_to_J,en,ja,3,S,35.76,0.5,0.6384615384615385,0.5503496503496503,WER,CER,70,40,0.3333333333333333,0.9694559772809347,0.9626432061195374,0.9755231738090515,0.7998406092325846,True
syncs_E_to_J_66,moss_tts_v15,E_to_J,en,ja,4,S,36.8,0.421875,0.40429864253393666,0.4139130602931508,WER,CER,64,53,0.75,0.921533077955246,0.9694218039512634,0.981635570526123,0.7625877261161804,True
syncs_E_to_J_68,moss_tts_v15,E_to_J,en,ja,3,S,38.96,0.3076923076923077,0.29767291531997414,0.30364778233099876,WER,CER,65,44,1.0,0.7362540463606516,0.9743103981018066,0.9840628504753113,0.7687894503275553,True
syncs_E_to_J_69,moss_tts_v15,E_to_J,en,ja,4,S,38.48,0.6216216216216216,0.4000218531468531,0.5322668762688924,WER,CER,74,50,0.75,0.9447329640388489,0.9550617337226868,0.970180094242096,0.7497877180576324,True
syncs_E_to_J_70,moss_tts_v15,E_to_J,en,ja,4,A,33.84,0.40298507462686567,0.26325757575757575,0.34259437596302,WER,CER,67,51,1.0,0.7559018433094025,0.9762598872184753,0.985601007938385,0.7054655849933624,True
syncs_E_to_J_72,moss_tts_v15,E_to_J,en,ja,4,A,35.92,0.5362318840579711,0.6347902097902097,0.5746085772634445,WER,CER,69,44,0.5,0.9034831672906876,0.9499462842941284,0.9750413298606873,0.8099378049373627,True
syncs_E_to_J_73,moss_tts_v15,E_to_J,en,ja,4,A,41.12,0.5142857142857142,0.42738095238095236,0.47528121484814395,WER,CER,70,57,0.75,0.9643918871879578,0.9484950304031372,0.9743714332580566,0.7510370165109634,True
syncs_E_to_J_74,moss_tts_v15,E_to_J,en,ja,4,A,35.36,0.2903225806451613,0.34208683473389356,0.3151172233599322,WER,CER,62,57,0.75,0.9812651872634888,0.9129626154899597,0.9718154072761536,0.7028980106115341,True
syncs_E_to_J_76,moss_tts_v15,E_to_J,en,ja,4,A,38.32,0.6617647058823529,0.24285714285714285,0.47074285714285713,WER,CER,68,57,0.75,0.9923887252807617,0.9603279232978821,0.9756438732147217,0.7381220459938049,True
syncs_E_to_J_77,moss_tts_v15,E_to_J,en,ja,3,S,30.64,0.5,0.6062271062271063,0.5408565793181178,WER,CER,64,40,0.0,0.8652350902557373,0.9770715236663818,0.9832414984703064,0.7514255046844482,True
syncs_E_to_J_78,moss_tts_v15,E_to_J,en,ja,3,S,31.6,0.5737704918032787,0.1971153846153846,0.411843997124371,WER,CER,61,46,1.0,0.9798914591471354,0.9565715789794922,0.9780946373939514,0.7734523415565491,True
syncs_E_to_J_80,moss_tts_v15,E_to_J,en,ja,3,S,31.44,0.11290322580645161,0.2875457875457875,0.18242113873181834,WER,CER,62,41,0.6666666666666666,0.9714060227076212,0.9659651517868042,0.9762349724769592,0.7586771448453268,True
syncs_E_to_J_81,moss_tts_v15,E_to_J,en,ja,3,S,32.96,0.46875,0.735042735042735,0.5663027841245662,WER,CER,64,37,0.3333333333333333,0.9259261091550192,0.9705960154533386,0.9735152721405029,0.7697726090749105,True
syncs_E_to_J_82,moss_tts_v15,E_to_J,en,ja,4,A,31.6,0.5873015873015873,0.10095551378446116,0.32791701475912,WER,CER,63,72,1.0,0.9739880114793777,0.9566592574119568,0.9713889360427856,0.7792886942625046,True
syncs_E_to_J_84,moss_tts_v15,E_to_J,en,ja,4,A,34.96,0.38461538461538464,0.5676510989010989,0.4717049583481035,WER,CER,65,59,0.25,0.6725060371682048,0.9709581136703491,0.9787272214889526,0.8102861195802689,True
syncs_E_to_J_85,moss_tts_v15,E_to_J,en,ja,3,A,34.4,0.44594594594594594,0.7427350427350428,0.5466422466422467,WER,CER,74,38,0.3333333333333333,0.6625040012101332,0.9719133377075195,0.9824281334877014,0.7093868652979533,True
syncs_E_to_J_86,moss_tts_v15,E_to_J,en,ja,3,A,33.6,0.18571428571428572,0.39999999999999997,0.2623853211009174,WER,CER,70,39,0.6666666666666666,0.985139012336731,0.9734649062156677,0.9810276031494141,0.7791039347648621,True
syncs_E_to_J_88,moss_tts_v15,E_to_J,en,ja,4,A,32.96,0.484375,0.48397435897435903,0.48417948717948717,WER,CER,64,61,0.25,0.9768151789903641,0.9623643755912781,0.9761369824409485,0.7437903881072998,True
syncs_E_to_J_89,moss_tts_v15,E_to_J,en,ja,4,A,33.92,0.2698412698412698,0.3630952380952381,0.31200828157349897,WER,CER,63,52,0.75,0.9517809897661209,0.9454885721206665,0.977485716342926,0.7548030763864517,True
syncs_E_to_J_90,moss_tts_v15,E_to_J,en,ja,3,S,34.0,0.3114754098360656,0.4358974358974359,0.36,WER,CER,61,39,0.6666666666666666,0.6733199084798495,0.9736291766166687,0.9783313870429993,0.8020521799723307,True
syncs_E_to_J_92,moss_tts_v15,E_to_J,en,ja,4,S,35.76,0.43478260869565216,0.22986425339366517,0.34032805429864255,WER,CER,69,59,0.75,0.9613184928894043,0.964690089225769,0.9840168952941895,0.7551757544279099,True
syncs_E_to_J_93,moss_tts_v15,E_to_J,en,ja,3,S,36.32,0.5571428571428572,0.38477078477078475,0.49546844592716155,WER,CER,70,39,1.0,0.974767009417216,0.9744601249694824,0.9854910969734192,0.7550848523775736,True
syncs_E_to_J_94,moss_tts_v15,E_to_J,en,ja,3,S,31.36,0.5142857142857142,0.3977688977688978,0.4663082016023193,WER,CER,70,49,1.0,0.9831690390904745,0.9670745134353638,0.9768563508987427,0.7483207583427429,True
syncs_E_to_J_96,moss_tts_v15,E_to_J,en,ja,3,S,28.8,0.2878787878787879,0.45627289377289376,0.3543094902039856,WER,CER,66,43,0.3333333333333333,0.6637639539937178,0.9750459790229797,0.9820672273635864,0.7663889726003011,True
syncs_E_to_J_97,moss_tts_v15,E_to_J,en,ja,3,S,26.8,0.2459016393442623,0.6017316017316018,0.38248283702829156,WER,CER,61,38,0.3333333333333333,0.8812341094017029,0.9785778522491455,0.9839318990707397,0.7967959841092428,True
syncs_E_to_J_98,moss_tts_v15,E_to_J,en,ja,4,S,36.4,0.6470588235294118,0.6636904761904762,0.65442037470726,WER,CER,68,54,0.0,0.8532242029905319,0.9561504125595093,0.9810242652893066,0.7764848172664642,True
syncs_K_to_E_0,moss_tts_v15,K_to_E,ko,en,4,S,45.52,0.5747126436781609,0.08333333333333333,0.5151515151515151,CER,WER,174,24,0.25,0.11862383410334587,0.9775689244270325,0.9731876254081726,0.9641861021518707,True
syncs_K_to_E_1,moss_tts_v15,K_to_E,ko,en,5,S,45.12,0.36363636363636365,0.03333333333333333,0.30323809523809525,CER,WER,143,32,0.8,0.37644368298351766,0.9874365329742432,0.9871141314506531,0.9551753997802734,True
syncs_K_to_E_2,moss_tts_v15,K_to_E,ko,en,3,S,44.48,0.33516483516483514,0.0,0.30653266331658285,CER,WER,182,17,1.0,0.5268837213516235,0.9848524332046509,0.984947919845581,0.9475383162498474,True
syncs_K_to_E_4,moss_tts_v15,K_to_E,ko,en,3,S,43.12,0.4144736842105263,0.047619047619047616,0.3626580575733118,CER,WER,152,25,0.3333333333333333,0.0799939123292764,0.9803458452224731,0.9781913757324219,0.957703709602356,True
syncs_K_to_E_5,moss_tts_v15,K_to_E,ko,en,3,S,36.56,0.21710526315789475,0.0,0.19186046511627908,CER,WER,152,20,0.0,0.022817522908250492,0.9838497638702393,0.98040372133255,0.9454023838043213,True
syncs_K_to_E_6,moss_tts_v15,K_to_E,ko,en,4,S,48.72,0.5696969696969697,0.0,0.4895833333333333,CER,WER,165,27,0.5,0.11714932648465037,0.9826655983924866,0.9814066290855408,0.9562866389751434,True
syncs_K_to_E_8,moss_tts_v15,K_to_E,ko,en,3,S,37.76,0.41353383458646614,0.06666666666666667,0.37218543046357616,CER,WER,133,18,0.6666666666666666,0.22976302270156643,0.9757705330848694,0.970134973526001,0.9415971636772156,True
syncs_K_to_E_9,moss_tts_v15,K_to_E,ko,en,5,S,50.16,0.5098039215686274,0.04,0.4203174603174603,CER,WER,153,36,0.6,0.5148767471313477,0.9749219417572021,0.9774573445320129,0.954740571975708,True
syncs_K_to_E_10,moss_tts_v15,K_to_E,ko,en,4,S,42.48,0.3157894736842105,0.03125,0.2648533950617284,CER,WER,133,29,0.75,0.40346940234303474,0.9791988134384155,0.9781464338302612,0.9582566171884537,True
syncs_K_to_E_12,moss_tts_v15,K_to_E,ko,en,4,S,50.64,0.44370860927152317,0.0,0.366120218579235,CER,WER,151,32,0.5,0.3442563924472779,0.9817065000534058,0.9839652180671692,0.9362858086824417,True
syncs_K_to_E_13,moss_tts_v15,K_to_E,ko,en,5,S,49.2,0.5067567567567568,0.08412698412698412,0.42406832298136643,CER,WER,148,36,0.8,0.6403489470481872,0.981490969657898,0.9823489189147949,0.957260000705719,True
syncs_K_to_E_14,moss_tts_v15,K_to_E,ko,en,5,S,59.44,0.5951219512195122,0.0,0.5062240663900415,CER,WER,205,36,0.8,0.6148816183209419,0.9778371453285217,0.9832903742790222,0.9584844589233399,True
syncs_K_to_E_16,moss_tts_v15,K_to_E,ko,en,4,B,41.92,0.7248322147651006,0.03571428571428571,0.6093375897845171,CER,WER,149,30,0.75,0.7543504163622856,0.9747433662414551,0.9749405384063721,0.9526012539863586,True
syncs_K_to_E_17,moss_tts_v15,K_to_E,ko,en,4,C,70.0,0.5772727272727273,0.03571428571428571,0.5141996557659207,CER,WER,220,29,0.5,0.17768523888662457,0.9784812331199646,0.9839046001434326,0.9468766748905182,True
syncs_K_to_E_18,moss_tts_v15,K_to_E,ko,en,5,S,52.64,0.4423076923076923,0.0,0.3791208791208791,CER,WER,156,26,1.0,0.6489078819751739,0.9698631167411804,0.9696008563041687,0.9504554867744446,True
syncs_K_to_E_20,moss_tts_v15,K_to_E,ko,en,3,S,44.4,0.40559440559440557,0.047619047619047616,0.3559954102122777,CER,WER,143,23,1.0,0.8793931404749552,0.9845069646835327,0.9853942394256592,0.9261575738588969,True
syncs_K_to_E_21,moss_tts_v15,K_to_E,ko,en,3,S,48.08,0.4277456647398844,0.037037037037037035,0.38014664410603494,CER,WER,173,24,1.0,0.5493664393822352,0.9828514456748962,0.9846945405006409,0.915930449962616,True
syncs_K_to_E_22,moss_tts_v15,K_to_E,ko,en,4,C,44.48,0.4178082191780822,0.03571428571428571,0.3638655462184874,CER,WER,146,24,0.5,0.3918047100305557,0.9777719974517822,0.9697036743164062,0.9599667489528656,True
syncs_K_to_E_24,moss_tts_v15,K_to_E,ko,en,4,S,54.08,0.4110429447852761,0.041666666666666664,0.35855263157894735,CER,WER,163,27,1.0,0.7548246309161186,0.9821639060974121,0.983393132686615,0.9458760321140289,True
syncs_K_to_E_25,moss_tts_v15,K_to_E,ko,en,3,S,42.48,0.5294117647058824,0.0,0.4585987261146497,CER,WER,136,21,0.0,0.22308681905269623,0.9800735712051392,0.9824778437614441,0.9226919809977213,True
syncs_K_to_E_26,moss_tts_v15,K_to_E,ko,en,5,S,49.76,0.38311688311688313,0.0,0.31382978723404253,CER,WER,154,34,1.0,0.7271035194396973,0.9825219511985779,0.982810914516449,0.9469481587409974,True
syncs_K_to_E_28,moss_tts_v15,K_to_E,ko,en,5,S,50.16,0.40764331210191085,0.0,0.3316062176165803,CER,WER,157,36,0.6,0.44821807034313677,0.980000913143158,0.9821430444717407,0.962831687927246,True
syncs_K_to_E_29,moss_tts_v15,K_to_E,ko,en,5,S,54.32,0.5548780487804879,0.0,0.45500000000000007,CER,WER,164,36,0.8,0.6861378133296967,0.9741974472999573,0.9806938171386719,0.9426686644554139,True
syncs_K_to_E_30,moss_tts_v15,K_to_E,ko,en,4,S,50.72,0.3806818181818182,0.0,0.32682926829268294,CER,WER,176,29,0.75,0.7290345951914787,0.97991544008255,0.9784184694290161,0.9638650715351105,True
syncs_K_to_E_32,moss_tts_v15,K_to_E,ko,en,4,S,53.04,0.43478260869565216,0.0,0.3626943005181347,CER,WER,161,32,0.75,0.4212748887948692,0.9836195707321167,0.9848566055297852,0.9458858221769333,True
syncs_K_to_E_33,moss_tts_v15,K_to_E,ko,en,3,S,42.4,0.2830188679245283,0.047619047619047616,0.25671721202447456,CER,WER,159,20,0.3333333333333333,0.4357297867536545,0.9804021120071411,0.97016441822052,0.961879312992096,True
syncs_K_to_E_34,moss_tts_v15,K_to_E,ko,en,4,B,51.28,0.4497354497354497,0.1607142857142857,0.41716968477531857,CER,WER,189,24,0.0,0.12543320935219526,0.9845845103263855,0.9856563210487366,0.9639193564653397,True
syncs_K_to_E_36,moss_tts_v15,K_to_E,ko,en,4,S,38.88,0.26490066225165565,0.10714285714285714,0.24326530612244895,CER,WER,151,24,1.0,0.946152999997139,0.9733890295028687,0.9744586944580078,0.944916307926178,True
syncs_K_to_E_37,moss_tts_v15,K_to_E,ko,en,5,S,60.08,0.38095238095238093,0.025,0.32267699115044246,CER,WER,189,37,0.8,0.3976861031726003,0.9766570329666138,0.975989818572998,0.9570294380187988,True
syncs_K_to_E_38,moss_tts_v15,K_to_E,ko,en,4,S,44.8,0.5036496350364964,0.041666666666666664,0.42525252525252527,CER,WER,137,28,1.0,0.8658820390701294,0.9826323390007019,0.9790223240852356,0.957272469997406,True
syncs_K_to_E_40,moss_tts_v15,K_to_E,ko,en,3,S,44.24,0.5185185185185185,0.08333333333333333,0.4664855072463768,CER,WER,162,22,0.6666666666666666,0.41737061738967896,0.9821048974990845,0.9805247783660889,0.9572742780049642,True
syncs_K_to_E_41,moss_tts_v15,K_to_E,ko,en,3,S,45.6,0.3841059602649007,0.0,0.3411764705882353,CER,WER,151,19,0.6666666666666666,0.42250633239746094,0.9783888459205627,0.981645941734314,0.9436956644058228,True
syncs_K_to_E_42,moss_tts_v15,K_to_E,ko,en,5,S,52.48,0.6168831168831169,0.05714285714285714,0.5181054239877769,CER,WER,154,33,1.0,0.5665750578045845,0.9830837845802307,0.9838846325874329,0.9547493577003479,True
syncs_K_to_E_44,moss_tts_v15,K_to_E,ko,en,3,S,44.0,0.2972972972972973,0.0,0.2603550295857988,CER,WER,148,21,0.3333333333333333,0.5145781338214874,0.9682629704475403,0.9685832262039185,0.9100714723269144,True
syncs_K_to_E_45,moss_tts_v15,K_to_E,ko,en,3,S,49.76,0.5341614906832298,0.13333333333333333,0.493854748603352,CER,WER,161,18,1.0,0.8708096543947855,0.9710662364959717,0.9721906185150146,0.9361295104026794,True
syncs_K_to_E_46,moss_tts_v15,K_to_E,ko,en,3,S,37.6,0.18604651162790697,0.09523809523809523,0.1728161463260801,CER,WER,129,22,1.0,0.6665468116601309,0.9842565059661865,0.9827114939689636,0.9638272722562155,True
syncs_K_to_E_48,moss_tts_v15,K_to_E,ko,en,3,S,39.12,0.33088235294117646,0.0,0.28846153846153844,CER,WER,136,20,1.0,0.5181446323792139,0.9739580154418945,0.9761742353439331,0.9523789087931315,True
syncs_K_to_E_49,moss_tts_v15,K_to_E,ko,en,4,S,46.24,0.4140127388535032,0.0,0.35135135135135137,CER,WER,157,28,0.75,0.2804523454979062,0.974102258682251,0.9742591381072998,0.9463178515434265,True
syncs_K_to_E_50,moss_tts_v15,K_to_E,ko,en,5,S,48.32,0.4936708860759494,0.15793650793650793,0.42857952704891483,CER,WER,158,38,0.4,0.16273348741233348,0.9783562421798706,0.9816335439682007,0.9600993871688843,True
syncs_K_to_E_52,moss_tts_v15,K_to_E,ko,en,3,S,50.24,0.45977011494252873,0.0,0.40816326530612246,CER,WER,174,22,0.3333333333333333,0.19040526822209358,0.9764471054077148,0.9756755828857422,0.9469324946403503,True
syncs_K_to_E_53,moss_tts_v15,K_to_E,ko,en,3,S,47.52,0.5182926829268293,0.037037037037037035,0.4568557919621749,CER,WER,164,24,1.0,0.8780510226885477,0.9839605689048767,0.982588529586792,0.9586430788040161,True
syncs_K_to_E_54,moss_tts_v15,K_to_E,ko,en,3,S,38.4,0.15328467153284672,0.0,0.13043478260869565,CER,WER,137,24,0.3333333333333333,0.4411599139372508,0.9819052815437317,0.9808873534202576,0.9450902144114176,True
syncs_K_to_E_56,moss_tts_v15,K_to_E,ko,en,4,S,46.32,0.39869281045751637,0.0,0.3351648351648352,CER,WER,153,29,1.0,0.8642006814479828,0.9803397059440613,0.9820132255554199,0.9478841722011566,True
syncs_K_to_E_57,moss_tts_v15,K_to_E,ko,en,5,S,52.8,0.4966442953020134,0.09523809523809523,0.4220660941972417,CER,WER,149,34,1.0,0.8535043716430664,0.9810990691184998,0.9790470600128174,0.9551464200019837,True
syncs_K_to_E_58,moss_tts_v15,K_to_E,ko,en,4,S,54.32,0.4942528735632184,0.0,0.42574257425742573,CER,WER,174,28,0.5,0.4746448015794158,0.9843022227287292,0.9824492335319519,0.9415784627199173,True
syncs_K_to_E_60,moss_tts_v15,K_to_E,ko,en,4,S,44.72,0.43243243243243246,0.07142857142857142,0.3732849071832123,CER,WER,148,29,0.75,0.39443764090538025,0.9859879612922668,0.9841442108154297,0.9640638679265976,True
syncs_K_to_E_61,moss_tts_v15,K_to_E,ko,en,3,S,37.76,0.2578616352201258,0.047619047619047616,0.23542001070090957,CER,WER,159,19,0.6666666666666666,0.11353431145350139,0.9777052402496338,0.9772248268127441,0.9517395496368408,True
syncs_K_to_E_62,moss_tts_v15,K_to_E,ko,en,5,S,49.6,0.3374233128834356,0.0,0.2736318407960199,CER,WER,163,38,1.0,0.8863736391067505,0.9737390279769897,0.9774618148803711,0.950643253326416,True
syncs_K_to_E_64,moss_tts_v15,K_to_E,ko,en,4,S,45.36,0.4117647058823529,0.0625,0.3638959390862944,CER,WER,170,27,0.5,0.32352399174124,0.9704636335372925,0.9679141044616699,0.9630576521158218,True
syncs_K_to_E_65,moss_tts_v15,K_to_E,ko,en,3,S,41.04,0.4935897435897436,0.0,0.4350282485875706,CER,WER,156,21,0.6666666666666666,0.3889260987440745,0.9801955223083496,0.9842150807380676,0.9547903339068095,True
syncs_K_to_E_66,moss_tts_v15,K_to_E,ko,en,3,S,43.44,0.3076923076923077,0.0,0.26143790849673204,CER,WER,130,23,1.0,0.6499751011530558,0.9804548025131226,0.9853839874267578,0.9474713007609049,True
syncs_K_to_E_68,moss_tts_v15,K_to_E,ko,en,4,S,43.04,0.4189189189189189,0.0,0.36257309941520466,CER,WER,148,23,1.0,0.9751677364110947,0.9622085094451904,0.9741381406784058,0.9299678951501846,True
syncs_K_to_E_69,moss_tts_v15,K_to_E,ko,en,4,S,39.6,0.5447761194029851,0.03571428571428571,0.45165505226480834,CER,WER,134,30,1.0,0.6827234104275703,0.9689157009124756,0.9766438603401184,0.9447389394044876,True
syncs_K_to_E_70,moss_tts_v15,K_to_E,ko,en,3,S,43.84,0.29375,0.11428571428571428,0.2747007182761373,CER,WER,160,19,0.6666666666666666,0.44079624613126117,0.9775198698043823,0.9788118600845337,0.9614448348681132,True
syncs_K_to_E_72,moss_tts_v15,K_to_E,ko,en,5,S,51.36,0.5260115606936416,0.05714285714285714,0.44711538461538464,CER,WER,173,35,0.8,0.7604650676250457,0.9747700095176697,0.9756803512573242,0.955490231513977,True
syncs_K_to_E_73,moss_tts_v15,K_to_E,ko,en,5,S,50.88,0.41714285714285715,0.07857142857142857,0.35937711577522,CER,WER,175,36,0.4,0.027081216126680373,0.9817444086074829,0.9804791808128357,0.9650524616241455,True
syncs_K_to_E_74,moss_tts_v15,K_to_E,ko,en,3,S,42.08,0.4418604651162791,0.22857142857142856,0.42165413533834584,CER,WER,172,18,0.6666666666666666,0.3973590557773908,0.9819439649581909,0.9829574823379517,0.9521912137667338,True
syncs_K_to_E_76,moss_tts_v15,K_to_E,ko,en,3,S,47.84,0.45222929936305734,0.037037037037037035,0.391304347826087,CER,WER,157,27,0.3333333333333333,0.26587019860744476,0.9848045110702515,0.9818271398544312,0.9550159970919291,True
syncs_K_to_E_77,moss_tts_v15,K_to_E,ko,en,4,S,47.6,0.5266666666666666,0.03571428571428571,0.45177562550443895,CER,WER,150,27,1.0,0.9584986418485641,0.9785669445991516,0.9840345978736877,0.9442897588014603,True
syncs_K_to_E_78,moss_tts_v15,K_to_E,ko,en,3,S,43.12,0.48872180451127817,0.0,0.4276315789473684,CER,WER,133,19,1.0,0.8969739079475403,0.9802615642547607,0.9841600060462952,0.9449732700983683,True
syncs_K_to_E_80,moss_tts_v15,K_to_E,ko,en,3,S,50.88,0.43010752688172044,0.0,0.39408866995073893,CER,WER,186,17,0.6666666666666666,0.4184143717090289,0.9808098077774048,0.9789919257164001,0.9560870925585429,True
syncs_K_to_E_81,moss_tts_v15,K_to_E,ko,en,5,S,55.68,0.5353535353535354,0.08571428571428572,0.46295399515738495,CER,WER,198,38,1.0,0.2642309576272964,0.9841653108596802,0.9813573956489563,0.9515906810760498,True
syncs_K_to_E_82,moss_tts_v15,K_to_E,ko,en,4,B,41.04,0.37404580152671757,0.0,0.30625,CER,WER,131,29,1.0,0.6949696689844131,0.9738489389419556,0.9743973016738892,0.9214936792850494,True
syncs_K_to_E_84,moss_tts_v15,K_to_E,ko,en,5,B,47.28,0.42105263157894735,0.13214285714285715,0.36223267750213856,CER,WER,133,34,1.0,0.7915189146995545,0.9853769540786743,0.9868113994598389,0.9597016215324402,True
syncs_K_to_E_85,moss_tts_v15,K_to_E,ko,en,3,S,41.84,0.3310344827586207,0.0,0.2926829268292683,CER,WER,145,19,1.0,0.8986756006876627,0.9797665476799011,0.9816015362739563,0.9542357524236044,True
syncs_K_to_E_86,moss_tts_v15,K_to_E,ko,en,3,S,46.24,0.5333333333333333,0.08333333333333333,0.48039215686274506,CER,WER,165,22,0.6666666666666666,0.3020915786425273,0.9839872717857361,0.9836158156394958,0.9493588010470072,True
syncs_K_to_E_88,moss_tts_v15,K_to_E,ko,en,3,S,44.64,0.5,0.037037037037037035,0.43614303959131545,CER,WER,150,24,0.6666666666666666,0.733794093132019,0.977370023727417,0.976202666759491,0.9560764829317728,True
syncs_K_to_E_89,moss_tts_v15,K_to_E,ko,en,3,S,40.16,0.2896551724137931,0.0,0.25,CER,WER,145,23,1.0,0.5834202170372009,0.9793748259544373,0.9786655902862549,0.9525635242462158,True
syncs_K_to_E_90,moss_tts_v15,K_to_E,ko,en,5,S,54.24,0.41134751773049644,0.0619047619047619,0.3434557823129252,CER,WER,141,34,1.0,0.7301621556282043,0.9770204424858093,0.9821034669876099,0.9607912302017212,True
syncs_K_to_E_92,moss_tts_v15,K_to_E,ko,en,5,S,56.0,0.5472972972972973,0.0,0.43315508021390375,CER,WER,148,39,0.8,0.28390129408799114,0.9729669094085693,0.9683114290237427,0.9285598158836365,True
syncs_K_to_E_93,moss_tts_v15,K_to_E,ko,en,4,S,49.6,0.546448087431694,0.0,0.4739336492890996,CER,WER,183,28,0.0,0.08699275739490986,0.9763361215591431,0.9771732687950134,0.9543109387159348,True
syncs_K_to_E_94,moss_tts_v15,K_to_E,ko,en,5,S,50.72,0.4967741935483871,0.11547619047619047,0.42818090199042574,CER,WER,155,34,0.8,0.2942410372197628,0.9835776686668396,0.9823281168937683,0.9627072811126709,True
syncs_K_to_E_96,moss_tts_v15,K_to_E,ko,en,3,S,48.64,0.4012738853503185,0.0,0.35195530726256985,CER,WER,157,22,0.3333333333333333,0.1385421728094419,0.9792335033416748,0.9803187251091003,0.9467779199282328,True
syncs_K_to_E_97,moss_tts_v15,K_to_E,ko,en,5,S,51.28,0.3411764705882353,0.08,0.30089552238805967,CER,WER,170,31,0.2,0.13103435449302198,0.9767420291900635,0.9764053225517273,0.9535478353500366,True
syncs_K_to_E_98,moss_tts_v15,K_to_E,ko,en,4,S,39.2,0.3546099290780142,0.0,0.30303030303030304,CER,WER,141,24,0.75,0.1360409427434206,0.9814439415931702,0.9739341735839844,0.9638715833425522,True
syncs_J_to_E_0,moss_tts_v15,J_to_E,ja,en,3,S,37.28,0.4636363636363636,0.19047619047619047,0.4198473282442748,CER,WER,110,21,0.6666666666666666,0.6695265173912048,0.9767650365829468,0.9729548692703247,0.9674656987190247,True
syncs_J_to_E_1,moss_tts_v15,J_to_E,ja,en,4,S,43.36,0.34234234234234234,0.0,0.2695035460992908,CER,WER,111,30,0.75,0.5344484224915504,0.9672489166259766,0.9675902724266052,0.9684577584266663,True
syncs_J_to_E_2,moss_tts_v15,J_to_E,ja,en,4,S,44.0,0.7573529411764706,0.03571428571428571,0.637817703768624,CER,WER,136,27,0.75,0.39107175543904305,0.9679187536239624,0.962333083152771,0.9580253064632416,True
syncs_J_to_E_4,moss_tts_v15,J_to_E,ja,en,3,S,31.6,0.19626168224299065,0.0,0.16279069767441862,CER,WER,107,22,0.6666666666666666,0.3152697527160247,0.9668156504631042,0.9641326069831848,0.960331916809082,True
syncs_J_to_E_5,moss_tts_v15,J_to_E,ja,en,3,S,35.44,0.22857142857142856,0.041666666666666664,0.1937984496124031,CER,WER,105,24,0.6666666666666666,0.4381115138530731,0.9717289805412292,0.9684572219848633,0.9572414755821228,True
syncs_J_to_E_6,moss_tts_v15,J_to_E,ja,en,3,A,31.6,1.1411764705882352,0.0,0.9065420560747663,CER,WER,85,22,0.6666666666666666,0.21130121437211832,0.9824583530426025,0.981479823589325,0.9582154154777527,True
syncs_J_to_E_8,moss_tts_v15,J_to_E,ja,en,3,S,37.68,0.3979591836734694,0.037037037037037035,0.3269581056466302,CER,WER,98,24,0.3333333333333333,0.21279550095399222,0.9574074745178223,0.9548598527908325,0.9239392479260763,True
syncs_J_to_E_9,moss_tts_v15,J_to_E,ja,en,3,S,37.12,0.3018867924528302,0.05555555555555555,0.2627865961199295,CER,WER,106,20,0.6666666666666666,0.32123541459441185,0.9589881300926208,0.9588026404380798,0.9596745173136393,True
syncs_J_to_E_10,moss_tts_v15,J_to_E,ja,en,3,S,35.36,0.423728813559322,0.0,0.36764705882352944,CER,WER,118,18,0.3333333333333333,0.1732690775146087,0.976620078086853,0.9713179469108582,0.9564753572146097,True
syncs_J_to_E_12,moss_tts_v15,J_to_E,ja,en,3,S,33.92,0.20270270270270271,0.0,0.15625,CER,WER,74,22,0.6666666666666666,0.34596163500100374,0.9717406034469604,0.9754454493522644,0.9620013236999512,True
syncs_J_to_E_13,moss_tts_v15,J_to_E,ja,en,4,S,36.24,0.18888888888888888,0.0,0.14049586776859505,CER,WER,90,31,1.0,0.7928508520126343,0.980921745300293,0.9840980172157288,0.9644261002540588,True
syncs_J_to_E_14,moss_tts_v15,J_to_E,ja,en,5,S,34.32,0.16101694915254236,0.13333333333333333,0.15468409586056645,CER,WER,118,35,0.8,0.5916042923927307,0.9634307622909546,0.9707818031311035,0.9603864550590515,True
syncs_J_to_E_16,moss_tts_v15,J_to_E,ja,en,4,A,40.24,0.31,0.03125,0.25073818897637795,CER,WER,100,27,0.5,0.08457363955676556,0.9731970429420471,0.9723422527313232,0.9666514247655869,True
syncs_J_to_E_17,moss_tts_v15,J_to_E,ja,en,4,S,40.16,0.3125,0.07142857142857142,0.25,CER,WER,80,28,0.75,0.38699960708618164,0.9497488737106323,0.9633345007896423,0.9308807402849197,True
syncs_J_to_E_18,moss_tts_v15,J_to_E,ja,en,5,S,44.24,0.5112781954887218,0.11428571428571428,0.430453378956373,CER,WER,133,34,0.4,0.09672432541847228,0.9747482538223267,0.9720564484596252,0.9746203660964966,True
syncs_J_to_E_20,moss_tts_v15,J_to_E,ja,en,3,S,37.6,0.41739130434782606,0.0,0.34285714285714286,CER,WER,115,25,0.3333333333333333,0.3148461307088534,0.9763377904891968,0.9779276847839355,0.9701353311538696,True
syncs_J_to_E_21,moss_tts_v15,J_to_E,ja,en,3,S,25.92,0.32989690721649484,0.0,0.2711864406779661,CER,WER,97,21,0.0,0.14025324831406275,0.944129228591919,0.9497270584106445,0.9458868106206259,True
syncs_J_to_E_22,moss_tts_v15,J_to_E,ja,en,3,S,38.32,0.2692307692307692,0.0,0.2204724409448819,CER,WER,104,23,0.6666666666666666,0.46404383579889935,0.9802474975585938,0.9699156284332275,0.9687071243921915,True
syncs_J_to_E_24,moss_tts_v15,J_to_E,ja,en,3,S,40.72,0.7421875,0.0,0.6418918918918919,CER,WER,128,20,0.6666666666666666,0.1644157568613688,0.9619327783584595,0.9539011716842651,0.9589336315790812,True
syncs_J_to_E_25,moss_tts_v15,J_to_E,ja,en,4,S,42.08,0.9576271186440678,0.0625,0.7574013157894737,CER,WER,118,34,0.75,0.34392738714814186,0.971217155456543,0.964751124382019,0.9639320969581604,True
syncs_J_to_E_26,moss_tts_v15,J_to_E,ja,en,4,S,34.72,0.1836734693877551,0.0,0.144,CER,WER,98,27,1.0,0.6063676252961159,0.9764938950538635,0.9739254117012024,0.9749410450458527,True
syncs_J_to_E_28,moss_tts_v15,J_to_E,ja,en,4,S,43.28,0.7704918032786885,0.13988095238095238,0.6527777777777778,CER,WER,122,28,0.25,0.33571741357445717,0.9551979303359985,0.9517471790313721,0.9645607173442841,True
syncs_J_to_E_29,moss_tts_v15,J_to_E,ja,en,5,S,42.48,0.7466666666666667,0.21428571428571427,0.653061224489796,CER,WER,150,32,0.0,0.19739316515624522,0.969335675239563,0.9635065197944641,0.960247790813446,True
syncs_J_to_E_30,moss_tts_v15,J_to_E,ja,en,4,S,34.4,1.3870967741935485,0.041666666666666664,1.084375,CER,WER,93,27,0.25,0.05124532605987042,0.9374592900276184,0.9395393133163452,0.9479754567146301,True
syncs_J_to_E_32,moss_tts_v15,J_to_E,ja,en,4,S,40.48,0.43037974683544306,0.0,0.3675675675675676,CER,WER,158,27,0.75,0.5329150296747684,0.9655963182449341,0.9635733366012573,0.9649640321731567,True
syncs_J_to_E_33,moss_tts_v15,J_to_E,ja,en,4,S,38.16,0.8473282442748091,0.08333333333333333,0.7167721518987342,CER,WER,131,27,0.5,0.30486755818128586,0.96910160779953,0.9672399759292603,0.9762456119060516,True
syncs_J_to_E_34,moss_tts_v15,J_to_E,ja,en,4,S,45.84,0.2826086956521739,0.0,0.23353293413173654,CER,WER,138,29,1.0,0.710809051990509,0.981505274772644,0.9848254919052124,0.954818531870842,True
syncs_J_to_E_36,moss_tts_v15,J_to_E,ja,en,3,S,33.12,0.8951612903225806,0.0,0.7816901408450704,CER,WER,124,18,0.3333333333333333,0.4600937304397424,0.9800906777381897,0.9752596020698547,0.9722696344057719,True
syncs_J_to_E_37,moss_tts_v15,J_to_E,ja,en,4,S,38.56,0.23015873015873015,0.0,0.19078947368421054,CER,WER,126,26,1.0,0.5273751020431519,0.9642798900604248,0.9595274329185486,0.9703391194343567,True
syncs_J_to_E_38,moss_tts_v15,J_to_E,ja,en,3,S,33.6,0.18446601941747573,0.13333333333333333,0.17722222222222223,CER,WER,103,17,0.6666666666666666,0.26524846131602925,0.9659088850021362,0.9535989761352539,0.9738519589106241,True
syncs_J_to_E_40,moss_tts_v15,J_to_E,ja,en,3,S,37.52,0.33962264150943394,0.08333333333333333,0.2939276485788114,CER,WER,106,23,0.3333333333333333,0.07368873488546039,0.9732688665390015,0.9741206169128418,0.954902172088623,True
syncs_J_to_E_41,moss_tts_v15,J_to_E,ja,en,4,S,39.92,1.4285714285714286,0.03571428571428571,1.0857142857142856,CER,WER,98,32,1.0,0.602470263838768,0.9788297414779663,0.9711247682571411,0.9748195707798004,True
syncs_J_to_E_42,moss_tts_v15,J_to_E,ja,en,4,S,51.28,0.3944954128440367,0.0,0.3233082706766917,CER,WER,109,24,1.0,0.8379253149032593,0.967960774898529,0.9643218517303467,0.9503727555274963,True
syncs_J_to_E_44,moss_tts_v15,J_to_E,ja,en,4,S,32.88,0.7285714285714285,0.21071428571428572,0.5922932330827068,CER,WER,70,25,0.5,0.17131395521573722,0.9747801423072815,0.9683315753936768,0.9674352556467056,True
syncs_J_to_E_45,moss_tts_v15,J_to_E,ja,en,3,S,30.96,0.09,0.0,0.07377049180327869,CER,WER,100,22,0.6666666666666666,0.5410662194093069,0.9759626388549805,0.9775106906890869,0.9671831329663595,True
syncs_J_to_E_46,moss_tts_v15,J_to_E,ja,en,3,S,46.56,0.7702702702702703,0.0,0.6867469879518072,CER,WER,148,18,0.6666666666666666,0.4894006947676341,0.9756801724433899,0.9795486927032471,0.9579351941744486,True
syncs_J_to_E_48,moss_tts_v15,J_to_E,ja,en,5,S,46.88,0.4036697247706422,0.0,0.29931972789115646,CER,WER,109,38,0.4,0.27151420563459394,0.9686731100082397,0.9662358164787292,0.9638167142868042,True
syncs_J_to_E_49,moss_tts_v15,J_to_E,ja,en,3,S,44.4,0.4957983193277311,0.15079365079365079,0.44615735982642457,CER,WER,119,20,0.6666666666666666,0.0995919406414032,0.9751189947128296,0.9791690707206726,0.9534788131713867,True
syncs_J_to_E_50,moss_tts_v15,J_to_E,ja,en,4,S,38.88,0.3125,0.22023809523809523,0.29457862281603286,CER,WER,112,27,1.0,0.6264467239379883,0.9745891094207764,0.9768812656402588,0.9748898148536682,True
syncs_J_to_E_52,moss_tts_v15,J_to_E,ja,en,3,S,37.76,0.2909090909090909,0.0,0.24242424242424243,CER,WER,110,22,1.0,0.25264612418444204,0.9669804573059082,0.9661726355552673,0.9778851866722107,True
syncs_J_to_E_53,moss_tts_v15,J_to_E,ja,en,4,S,40.0,0.5079365079365079,0.059027777777777776,0.4125434027777778,CER,WER,126,34,0.25,0.14922378258779645,0.9753882884979248,0.9695865511894226,0.9650722593069077,True
syncs_J_to_E_54,moss_tts_v15,J_to_E,ja,en,3,S,33.52,1.205607476635514,0.0,1.0,CER,WER,107,22,0.3333333333333333,0.09014460196097691,0.9823004603385925,0.9737027287483215,0.9834350148836771,True
syncs_J_to_E_56,moss_tts_v15,J_to_E,ja,en,4,S,36.16,0.7662337662337663,0.0,0.5462962962962963,CER,WER,77,31,0.5,0.17003451474010944,0.9660395383834839,0.9774603247642517,0.9546773731708527,True
syncs_J_to_E_57,moss_tts_v15,J_to_E,ja,en,4,S,44.88,0.4,0.0,0.3053435114503817,CER,WER,100,31,0.0,0.12179413670673966,0.9743586778640747,0.9611268043518066,0.9628218859434128,True
syncs_J_to_E_58,moss_tts_v15,J_to_E,ja,en,5,S,54.56,0.6342857142857142,0.05714285714285714,0.5403964456596034,CER,WER,175,34,1.0,0.45237367451190946,0.9668160676956177,0.9620107412338257,0.9700658082962036,True
syncs_J_to_E_60,moss_tts_v15,J_to_E,ja,en,5,S,43.84,1.0980392156862746,0.0,0.8115942028985508,CER,WER,102,36,0.6,0.32324701552279295,0.9739077091217041,0.9754936695098877,0.9656008243560791,True
syncs_J_to_E_61,moss_tts_v15,J_to_E,ja,en,3,S,32.08,0.18181818181818182,0.0,0.1414141414141414,CER,WER,77,22,1.0,0.5481619338194529,0.9721143245697021,0.9637773036956787,0.9532424410184225,True
syncs_J_to_E_62,moss_tts_v15,J_to_E,ja,en,3,S,26.32,0.025,0.125,0.04656862745098039,CER,WER,80,22,0.3333333333333333,0.14796438068151474,0.9772084951400757,0.9812816381454468,0.9705833395322164,True
syncs_J_to_E_64,moss_tts_v15,J_to_E,ja,en,4,S,34.08,1.326086956521739,0.041666666666666664,1.0516381766381766,CER,WER,92,25,0.5,0.35098719224333763,0.9807032346725464,0.9737628698348999,0.9727861434221268,True
syncs_J_to_E_65,moss_tts_v15,J_to_E,ja,en,3,S,36.0,0.8448275862068966,0.19047619047619047,0.7445255474452555,CER,WER,116,21,0.3333333333333333,0.30865056067705154,0.9681999683380127,0.9572540521621704,0.9629545211791992,True
syncs_J_to_E_66,moss_tts_v15,J_to_E,ja,en,4,S,38.64,0.9032258064516129,0.0625,0.739448051948052,CER,WER,124,30,1.0,0.8444909900426865,0.9805358052253723,0.9785311222076416,0.962385818362236,True
syncs_J_to_E_68,moss_tts_v15,J_to_E,ja,en,4,S,45.04,0.8558558558558559,0.0,0.6934306569343066,CER,WER,111,26,1.0,0.7090475857257843,0.9366517066955566,0.9361660480499268,0.9430706202983856,True
syncs_J_to_E_69,moss_tts_v15,J_to_E,ja,en,5,S,35.92,0.1506849315068493,0.05,0.11743119266055047,CER,WER,73,36,0.4,0.46656187921762465,0.9687789082527161,0.9549611806869507,0.9583659052848816,True
syncs_J_to_E_70,moss_tts_v15,J_to_E,ja,en,5,S,50.24,0.44,0.06857142857142857,0.3357862281603289,CER,WER,100,39,0.6,0.5375427365303039,0.9778497219085693,0.9666804075241089,0.9599689245223999,True
syncs_J_to_E_72,moss_tts_v15,J_to_E,ja,en,4,A,44.24,0.6666666666666666,0.03125,0.5244755244755245,CER,WER,111,32,0.75,0.6456494517624378,0.9779728651046753,0.9758943319320679,0.9678293913602829,True
syncs_J_to_E_73,moss_tts_v15,J_to_E,ja,en,4,S,40.0,0.9752066115702479,0.1919642857142857,0.8195955534531694,CER,WER,121,30,0.0,0.07402495382120833,0.9720765352249146,0.970237672328949,0.9725757092237473,True
syncs_J_to_E_74,moss_tts_v15,J_to_E,ja,en,5,S,44.08,0.38095238095238093,0.058333333333333334,0.30029761904761904,CER,WER,105,35,0.6,0.2888909585773945,0.9770058393478394,0.9654523134231567,0.975216519832611,True
syncs_J_to_E_76,moss_tts_v15,J_to_E,ja,en,5,S,36.24,0.6666666666666666,0.0,0.47619047619047616,CER,WER,90,36,1.0,0.9177397012710571,0.949440598487854,0.9580121040344238,0.9467186689376831,True
syncs_J_to_E_77,moss_tts_v15,J_to_E,ja,en,3,S,25.28,0.058823529411764705,0.0,0.04854368932038835,CER,WER,85,18,0.6666666666666666,0.1911673533419768,0.9920200109481812,0.9892969131469727,0.9802724719047546,True
syncs_J_to_E_78,moss_tts_v15,J_to_E,ja,en,3,S,35.12,0.8347826086956521,0.0,0.7164179104477612,CER,WER,115,19,0.3333333333333333,0.016379894552907597,0.9839003086090088,0.9817006587982178,0.972642163435618,True
syncs_J_to_E_80,moss_tts_v15,J_to_E,ja,en,3,S,46.0,0.6814814814814815,0.041666666666666664,0.5781573498964803,CER,WER,135,26,0.3333333333333333,0.4310942590236664,0.9761480093002319,0.9700884819030762,0.9620406031608582,True
syncs_J_to_E_81,moss_tts_v15,J_to_E,ja,en,4,S,35.36,0.3392857142857143,0.0,0.2733812949640288,CER,WER,112,27,0.5,0.5031644105911255,0.9681374430656433,0.957971453666687,0.9675138592720032,True
syncs_J_to_E_82,moss_tts_v15,J_to_E,ja,en,4,S,34.08,0.26666666666666666,0.0625,0.21784420289855072,CER,WER,105,33,1.0,0.6869108825922012,0.9787548780441284,0.9673921465873718,0.9700375348329544,True
syncs_J_to_E_84,moss_tts_v15,J_to_E,ja,en,5,S,42.48,0.6028368794326241,0.16666666666666666,0.5242248062015504,CER,WER,141,31,0.6,0.44263177514076235,0.9778183102607727,0.9682172536849976,0.9772908091545105,True
syncs_J_to_E_85,moss_tts_v15,J_to_E,ja,en,3,S,33.44,0.2,0.0,0.17037037037037037,CER,WER,115,20,1.0,0.40825024247169495,0.9731285572052002,0.9720176458358765,0.9713582197825114,True
syncs_J_to_E_86,moss_tts_v15,J_to_E,ja,en,4,S,41.52,0.3798449612403101,0.0,0.3181818181818182,CER,WER,129,25,0.25,0.09797073376830667,0.9707033634185791,0.9669999480247498,0.9704539626836777,True
syncs_J_to_E_88,moss_tts_v15,J_to_E,ja,en,4,S,43.04,0.3333333333333333,0.0,0.28205128205128205,CER,WER,132,24,0.75,0.4663030505180359,0.9716342091560364,0.9744077920913696,0.9698865711688995,True
syncs_J_to_E_89,moss_tts_v15,J_to_E,ja,en,4,S,43.28,0.4166666666666667,0.0,0.33783783783783783,CER,WER,120,28,0.75,0.6357190832495689,0.9674332737922668,0.9684096574783325,0.9683621823787689,True
syncs_J_to_E_90,moss_tts_v15,J_to_E,ja,en,3,S,36.64,0.27350427350427353,0.0,0.22857142857142856,CER,WER,117,23,1.0,0.8196291526158651,0.9677653312683105,0.9596534967422485,0.9681583046913147,True
syncs_J_to_E_92,moss_tts_v15,J_to_E,ja,en,5,S,38.08,0.9152542372881356,0.0,0.7248322147651006,CER,WER,118,31,0.8,0.6046992719173432,0.9747793078422546,0.9612534046173096,0.9698545217514039,True
syncs_J_to_E_93,moss_tts_v15,J_to_E,ja,en,3,S,36.8,0.42424242424242425,0.047619047619047616,0.35576544667453763,CER,WER,99,22,1.0,0.7189640204111735,0.9795549511909485,0.977858304977417,0.9755977392196655,True
syncs_J_to_E_94,moss_tts_v15,J_to_E,ja,en,3,S,35.28,0.24166666666666667,0.047619047619047616,0.21160295103957075,CER,WER,120,22,0.3333333333333333,0.3534633715947469,0.9820047616958618,0.9867331981658936,0.9776156147321066,True
syncs_J_to_E_96,moss_tts_v15,J_to_E,ja,en,3,S,35.28,0.32038834951456313,0.041666666666666664,0.2750677506775068,CER,WER,103,20,1.0,0.4571873185535272,0.9694956541061401,0.9614688754081726,0.968142052491506,True
syncs_J_to_E_97,moss_tts_v15,J_to_E,ja,en,3,S,40.72,0.3541666666666667,0.0,0.2809917355371901,CER,WER,96,25,1.0,0.48000840346018475,0.9568078517913818,0.9607985019683838,0.9339564641316732,True
syncs_J_to_E_98,moss_tts_v15,J_to_E,ja,en,4,S,48.4,0.6573426573426573,0.05,0.5669642857142856,CER,WER,143,25,0.75,0.35474494425579906,0.9675796627998352,0.9682202339172363,0.9621536731719971,True
syncs_DE_to_KO_0,moss_tts_v15,DE_to_KO,de,ko,4,,32.72,0.574468085106383,0.4620394736842105,0.5017698852394143,WER,CER,47,86,0.0,0.04674006509594619,0.9872491955757141,0.9800022840499878,0.9661694467067719,True
syncs_DE_to_KO_1,moss_tts_v15,DE_to_KO,de,ko,3,,25.84,0.38333333333333336,0.7058823529411765,0.5404725992961287,WER,CER,60,57,0.0,0.11663005004326503,0.979765772819519,0.9751436710357666,0.9728010892868042,True
syncs_DE_to_KO_2,moss_tts_v15,DE_to_KO,de,ko,3,,23.44,0.10869565217391304,0.7313283208020049,0.4611292381898141,WER,CER,46,60,0.0,0.019038101464199524,0.9821681976318359,0.9887306094169617,0.9446163177490234,True
syncs_DE_to_KO_4,moss_tts_v15,DE_to_KO,de,ko,3,,28.72,0.6590909090909091,0.8333333333333334,0.7629969418960245,WER,CER,44,65,0.0,0.009875395180036625,0.9724146127700806,0.9735326170921326,0.954037606716156,True
syncs_DE_to_KO_5,moss_tts_v15,DE_to_KO,de,ko,3,,31.28,0.4716981132075472,0.38333333333333336,0.42441520467836263,WER,CER,53,61,0.0,0.016324935170511406,0.9909307360649109,0.9895816445350647,0.9746678868929545,True
syncs_DE_to_KO_6,moss_tts_v15,DE_to_KO,de,ko,4,,33.28,3.0,0.5261315052336724,1.5032056166119698,WER,CER,47,72,0.0,0.02403336251154542,0.9811007976531982,0.9818282127380371,0.9648254960775375,True
syncs_DE_to_KO_8,moss_tts_v15,DE_to_KO,de,ko,4,,25.84,0.5531914893617021,0.39106682146542826,0.45790769331740083,WER,CER,47,67,0.0,0.015436385525390506,0.9902434945106506,0.988165557384491,0.9595087766647339,True
syncs_DE_to_KO_9,moss_tts_v15,DE_to_KO,de,ko,3,,32.88,0.6181818181818182,0.9314954051796157,0.778997641596617,WER,CER,55,58,0.0,0.09751395136117935,0.9790701270103455,0.9845781326293945,0.9694028695424398,True
syncs_DE_to_KO_10,moss_tts_v15,DE_to_KO,de,ko,3,,34.0,0.42592592592592593,0.7337928153717628,0.587961130897419,WER,CER,54,60,0.0,0.07822348363697529,0.9716746807098389,0.9720256328582764,0.9569916129112244,True
syncs_DE_to_KO_12,moss_tts_v15,DE_to_KO,de,ko,4,,31.52,0.4745762711864407,0.45767605287729124,0.4651171937746033,WER,CER,59,75,0.0,0.01584671959426487,0.9710623621940613,0.9657021164894104,0.9607780575752258,True
syncs_DE_to_KO_13,moss_tts_v15,DE_to_KO,de,ko,3,,25.68,0.52,0.5444444444444445,0.5323432343234323,WER,CER,50,51,0.0,0.3385955519042909,0.9842795729637146,0.9842746257781982,0.971877654393514,True
syncs_DE_to_KO_14,moss_tts_v15,DE_to_KO,de,ko,3,,27.52,0.3333333333333333,0.7082125603864735,0.5384559292680704,WER,CER,48,58,0.0,0.038260988891124725,0.9723238348960876,0.973468005657196,0.963740865389506,True
syncs_DE_to_KO_16,moss_tts_v15,DE_to_KO,de,ko,3,,33.44,0.5660377358490566,0.6995315473576343,0.6385386852028532,WER,CER,53,63,0.0,0.019594831819025178,0.9921811819076538,0.9917557239532471,0.9507513244946798,True
syncs_DE_to_KO_17,moss_tts_v15,DE_to_KO,de,ko,3,,31.92,0.7213114754098361,0.6296296296296297,0.6795634920634921,WER,CER,61,51,0.0,0.3482292437305053,0.9805297255516052,0.9782155156135559,0.9698738058408102,True
syncs_DE_to_KO_18,moss_tts_v15,DE_to_KO,de,ko,4,,33.04,0.803921568627451,0.48279352226720645,0.6204198278501685,WER,CER,51,68,0.0,0.032690914638806134,0.9855871200561523,0.9812435507774353,0.9771056920289993,True
syncs_DE_to_KO_20,moss_tts_v15,DE_to_KO,de,ko,4,,34.72,0.631578947368421,0.6109532828282829,0.6200669485553207,WER,CER,57,72,0.0,0.029594716848805547,0.9845656752586365,0.9878562688827515,0.9570710957050323,True
syncs_DE_to_KO_21,moss_tts_v15,DE_to_KO,de,ko,4,,30.72,1.1224489795918366,0.625388198757764,0.80316906197579,WER,CER,49,88,0.0,0.04299447499215603,0.9636885523796082,0.9689218401908875,0.944452777504921,True
syncs_DE_to_KO_22,moss_tts_v15,DE_to_KO,de,ko,4,,32.4,0.7441860465116279,0.6225490196078431,0.6692489495798319,WER,CER,43,69,0.0,0.028749571065418422,0.9891700744628906,0.9883859157562256,0.9623786509037018,True
syncs_DE_to_KO_24,moss_tts_v15,DE_to_KO,de,ko,3,,29.76,0.46296296296296297,0.6111111111111112,0.5383838383838384,WER,CER,54,56,0.0,0.014694010683645805,0.9879971742630005,0.9839221835136414,0.9810227354367574,True
syncs_DE_to_KO_25,moss_tts_v15,DE_to_KO,de,ko,4,,31.84,0.8545454545454545,0.6319444444444444,0.7268518518518519,WER,CER,55,74,0.0,0.03307601349661127,0.9690278172492981,0.9779515266418457,0.9528637230396271,True
syncs_DE_to_KO_26,moss_tts_v15,DE_to_KO,de,ko,4,,33.2,0.723404255319149,0.381578947368421,0.5090852130325815,WER,CER,47,79,0.0,0.042216612258926034,0.9903868436813354,0.9938287734985352,0.9650745987892151,True
syncs_DE_to_KO_28,moss_tts_v15,DE_to_KO,de,ko,3,,27.68,0.5909090909090909,0.3684210526315789,0.4634644864588656,WER,CER,44,59,0.0,0.04794325679540634,0.9683865904808044,0.9629504680633545,0.9544749061266581,True
syncs_DE_to_KO_29,moss_tts_v15,DE_to_KO,de,ko,3,,31.44,0.6458333333333334,0.6970588235294117,0.6745008094981111,WER,CER,48,61,0.0,0.04789509127537409,0.9915664792060852,0.9900026917457581,0.9713703989982605,True
syncs_DE_to_KO_30,moss_tts_v15,DE_to_KO,de,ko,3,,26.96,0.38636363636363635,0.8666666666666667,0.6487972508591066,WER,CER,44,53,0.0,0.036615315824747086,0.9888724088668823,0.9869974851608276,0.9538305401802063,True
syncs_DE_to_KO_32,moss_tts_v15,DE_to_KO,de,ko,4,,34.32,0.47619047619047616,0.5477384135472371,0.5240768909568122,WER,CER,42,85,0.0,0.01675664185313508,0.9717692136764526,0.956684410572052,0.9641670137643814,True
syncs_DE_to_KO_33,moss_tts_v15,DE_to_KO,de,ko,4,,32.08,0.5084745762711864,0.5738153594771241,0.544160696329814,WER,CER,59,71,0.0,0.01605962694156915,0.9777234196662903,0.9781221151351929,0.9522405862808228,True
syncs_DE_to_KO_34,moss_tts_v15,DE_to_KO,de,ko,4,,34.4,0.5,0.5964325921756262,0.5557500923515339,WER,CER,54,74,0.0,0.22617658379022032,0.9817389249801636,0.987438440322876,0.9553707391023636,True
syncs_DE_to_KO_36,moss_tts_v15,DE_to_KO,de,ko,3,,30.56,0.26666666666666666,0.5425925925925926,0.3920875420875421,WER,CER,60,50,0.0,0.005862870874504249,0.9748048782348633,0.9648417830467224,0.9807438850402832,True
syncs_DE_to_KO_37,moss_tts_v15,DE_to_KO,de,ko,3,,27.52,0.803921568627451,0.6535947712418301,0.7245824255628177,WER,CER,51,57,0.0,0.007404656906146556,0.9885898232460022,0.9897531270980835,0.9626875917116801,True
syncs_DE_to_KO_38,moss_tts_v15,DE_to_KO,de,ko,3,,32.16,0.29310344827586204,0.475629290617849,0.387408466819222,WER,CER,58,62,0.0,0.049066267907619476,0.9831299781799316,0.9848467707633972,0.9676082730293274,True
syncs_DE_to_KO_40,moss_tts_v15,DE_to_KO,de,ko,4,,25.76,0.85,0.41434300993124523,0.560782334324104,WER,CER,40,79,0.5,0.9390849620103836,0.9658182859420776,0.9810934066772461,0.9458577632904053,True
syncs_DE_to_KO_41,moss_tts_v15,DE_to_KO,de,ko,3,,32.64,1.0178571428571428,0.6224747474747475,0.7927933177933179,WER,CER,56,74,0.0,0.05229926357666651,0.9818019270896912,0.9853271842002869,0.974068303902944,True
syncs_DE_to_KO_42,moss_tts_v15,DE_to_KO,de,ko,3,,31.6,0.5769230769230769,0.2521592442645074,0.3964987254460938,WER,CER,52,65,0.0,0.11167757213115692,0.9881815910339355,0.9861355423927307,0.9685020645459493,True
syncs_DE_to_KO_44,moss_tts_v15,DE_to_KO,de,ko,3,,33.04,0.5636363636363636,0.7246376811594203,0.65022530751431,WER,CER,55,64,0.0,0.04143814370036125,0.9799333214759827,0.981820821762085,0.9667677283287048,True
syncs_DE_to_KO_45,moss_tts_v15,DE_to_KO,de,ko,3,,26.8,0.2807017543859649,1.0148148148148148,0.6344107744107744,WER,CER,57,53,0.0,0.01597277478625377,0.96695876121521,0.9751939177513123,0.9390562375386556,True
syncs_DE_to_KO_46,moss_tts_v15,DE_to_KO,de,ko,3,,37.76,0.4745762711864407,0.7127430682417895,0.5956443930229097,WER,CER,59,61,0.0,0.01316443116714557,0.9831540584564209,0.9904012680053711,0.9473922650019327,True
syncs_DE_to_KO_48,moss_tts_v15,DE_to_KO,de,ko,4,,28.96,0.15555555555555556,0.3741161616161616,0.29543434343434344,WER,CER,45,80,0.0,0.023853335238527507,0.9591944813728333,0.9611449241638184,0.9448673576116562,True
syncs_DE_to_KO_49,moss_tts_v15,DE_to_KO,de,ko,3,,25.52,0.44,0.756280193236715,0.6042224080267559,WER,CER,50,54,0.0,0.03824029257521033,0.9931967854499817,0.9943653345108032,0.9656137228012085,True
syncs_DE_to_KO_50,moss_tts_v15,DE_to_KO,de,ko,4,,37.28,0.7142857142857143,0.5422794117647058,0.6181247105141269,WER,CER,56,71,0.0,0.05510543193668127,0.984196662902832,0.9788625836372375,0.9557934701442719,True
syncs_DE_to_KO_52,moss_tts_v15,DE_to_KO,de,ko,3,,26.0,0.6097560975609756,0.5831423478482302,0.5939459492167704,WER,CER,41,60,0.0,0.016623712222402293,0.9700602293014526,0.9811371564865112,0.9335237344106039,True
syncs_DE_to_KO_53,moss_tts_v15,DE_to_KO,de,ko,4,,30.64,0.42105263157894735,0.6084365325077399,0.5275207571066703,WER,CER,57,75,0.0,0.02523080282844603,0.9898377656936646,0.9880645871162415,0.9686081856489182,True
syncs_DE_to_KO_54,moss_tts_v15,DE_to_KO,de,ko,4,,33.76,0.5471698113207547,0.5041666666666667,0.5216987179487179,WER,CER,53,77,0.25,0.26882123621180654,0.9866759777069092,0.9854412078857422,0.9694798290729523,True
syncs_DE_to_KO_56,moss_tts_v15,DE_to_KO,de,ko,3,,29.68,0.35294117647058826,0.5705931495405179,0.4658738040068725,WER,CER,51,55,0.0,0.03530705658098062,0.9833869934082031,0.9872040152549744,0.9609340230623881,True
syncs_DE_to_KO_57,moss_tts_v15,DE_to_KO,de,ko,3,,29.28,0.5172413793103449,0.6686274509803922,0.5895248189365836,WER,CER,58,53,0.0,0.02621226292103529,0.9655596017837524,0.9674307703971863,0.9637131690979004,True
syncs_DE_to_KO_58,moss_tts_v15,DE_to_KO,de,ko,4,,33.52,0.5306122448979592,0.3291307876905703,0.40449408084447913,WER,CER,49,82,0.0,0.024387374985963106,0.9835110902786255,0.9697549939155579,0.9699285626411438,True
syncs_DE_to_KO_60,moss_tts_v15,DE_to_KO,de,ko,4,,30.72,0.6086956521739131,0.24375,0.387232905982906,WER,CER,46,71,0.0,0.009673488093540072,0.9756720066070557,0.9739100933074951,0.9664117693901062,True
syncs_DE_to_KO_61,moss_tts_v15,DE_to_KO,de,ko,3,,28.64,0.4489795918367347,0.38669590643274854,0.41661650040133014,WER,CER,49,53,0.0,0.06121198460459709,0.9832640886306763,0.9836262464523315,0.9599321285883585,True
syncs_DE_to_KO_62,moss_tts_v15,DE_to_KO,de,ko,4,,32.88,0.6444444444444445,0.6339114832535886,0.6376732551074658,WER,CER,45,81,0.0,0.24588915891945362,0.9870718717575073,0.97605299949646,0.9670105874538422,True
syncs_DE_to_KO_64,moss_tts_v15,DE_to_KO,de,ko,3,,29.2,0.5111111111111111,0.6359649122807017,0.5839424951267057,WER,CER,45,63,0.0,0.045156603679060936,0.984412431716919,0.9800640344619751,0.9826274116834005,True
syncs_DE_to_KO_65,moss_tts_v15,DE_to_KO,de,ko,4,,24.56,0.74,1.3907477025898078,1.1262161161711866,WER,CER,50,73,0.0,0.01739024161361158,0.9837959408760071,0.97281414270401,0.9618493020534515,True
syncs_DE_to_KO_66,moss_tts_v15,DE_to_KO,de,ko,3,,28.8,0.2033898305084746,0.7373015873015873,0.42229365079365083,WER,CER,59,41,0.0,0.006397958379238844,0.9842337965965271,0.9774987101554871,0.964799165725708,True
syncs_DE_to_KO_68,moss_tts_v15,DE_to_KO,de,ko,4,,37.84,0.7719298245614035,0.6329365079365079,0.6929563492063493,WER,CER,57,75,0.0,0.012381049076793715,0.9592300057411194,0.9691961407661438,0.9426179379224777,True
syncs_DE_to_KO_69,moss_tts_v15,DE_to_KO,de,ko,3,,29.44,0.29310344827586204,0.3474945533769063,0.31881560705090123,WER,CER,58,52,0.0,0.04954749019816518,0.9879260063171387,0.9883975982666016,0.9680147767066956,True
syncs_DE_to_KO_70,moss_tts_v15,DE_to_KO,de,ko,3,,27.6,0.3333333333333333,0.3464052287581699,0.3393760019731163,WER,CER,57,49,0.0,0.014717788435518742,0.9832380414009094,0.9824641942977905,0.9742442965507507,True
syncs_DE_to_KO_72,moss_tts_v15,DE_to_KO,de,ko,4,,33.84,0.8490566037735849,0.7536184210526315,0.7934469539991711,WER,CER,53,74,0.0,0.022211606381461024,0.9759958982467651,0.981476902961731,0.9445026218891144,True
syncs_DE_to_KO_73,moss_tts_v15,DE_to_KO,de,ko,3,,27.2,0.5,0.7472222222222222,0.6419238683127573,WER,CER,46,62,0.0,0.31216112338006496,0.9561960697174072,0.956462562084198,0.9527255892753601,True
syncs_DE_to_KO_74,moss_tts_v15,DE_to_KO,de,ko,4,,30.4,0.7872340425531915,0.6446078431372549,0.7014165835825857,WER,CER,47,71,0.0,0.01706811273470521,0.9788051843643188,0.9787564873695374,0.9475809037685394,True
syncs_DE_to_KO_76,moss_tts_v15,DE_to_KO,de,ko,3,,38.72,0.5306122448979592,0.646969696969697,0.5956046956046955,WER,CER,49,62,0.0,0.05295699089765549,0.9783021807670593,0.9766343832015991,0.9695627689361572,True
syncs_DE_to_KO_77,moss_tts_v15,DE_to_KO,de,ko,4,,38.96,0.4727272727272727,0.39668560606060604,0.42935975970643936,WER,CER,55,73,0.0,0.022079736460000277,0.9905174970626831,0.9920428991317749,0.967617005109787,True
syncs_DE_to_KO_78,moss_tts_v15,DE_to_KO,de,ko,4,,29.68,0.7555555555555555,0.2860380116959064,0.4621070906432749,WER,CER,45,75,0.0,0.11896691913716495,0.9666953086853027,0.9755061268806458,0.9351396262645721,True
syncs_DE_to_KO_80,moss_tts_v15,DE_to_KO,de,ko,3,,37.28,0.39285714285714285,0.346031746031746,0.37031158142269255,WER,CER,56,52,0.0,0.010313323698937893,0.9927394986152649,0.9916009902954102,0.9748745560646057,True
syncs_DE_to_KO_81,moss_tts_v15,DE_to_KO,de,ko,3,,30.72,0.40350877192982454,0.8563983488132094,0.6279496241906171,WER,CER,57,56,0.0,0.021109634001428883,0.9672167301177979,0.959963321685791,0.9695155024528503,True
syncs_DE_to_KO_82,moss_tts_v15,DE_to_KO,de,ko,3,,36.32,0.46774193548387094,0.503030303030303,0.485386119257087,WER,CER,62,62,0.0,0.024044041832288105,0.9863162040710449,0.9847577810287476,0.9709569414456686,True
syncs_DE_to_KO_84,moss_tts_v15,DE_to_KO,de,ko,4,,33.04,0.6136363636363636,0.3353328173374613,0.43737745098039216,WER,CER,44,76,0.25,0.2660316794645041,0.9657498002052307,0.9816396236419678,0.9493815302848816,True
syncs_DE_to_KO_85,moss_tts_v15,DE_to_KO,de,ko,3,,32.56,0.29508196721311475,0.5357142857142857,0.4080745341614907,WER,CER,61,54,0.0,0.24932278785854578,0.9739501476287842,0.9776884913444519,0.9482001264890035,True
syncs_DE_to_KO_86,moss_tts_v15,DE_to_KO,de,ko,3,,30.56,0.45454545454545453,0.6579520697167756,0.5543653675461955,WER,CER,55,53,0.0,0.006808679938937227,0.9876440763473511,0.9898558855056763,0.9295547008514404,True
syncs_DE_to_KO_88,moss_tts_v15,DE_to_KO,de,ko,3,,33.12,0.5849056603773585,0.4683932052353105,0.5240252784112434,WER,CER,53,58,0.0,0.05310118074218432,0.9762945175170898,0.9695835113525391,0.9593295653661092,True
syncs_DE_to_KO_89,moss_tts_v15,DE_to_KO,de,ko,4,,32.0,0.5833333333333334,0.26537433155080214,0.38460895721925137,WER,CER,48,80,0.25,0.3018204551190138,0.9854012727737427,0.9897170662879944,0.9746953696012497,True
syncs_DE_to_KO_90,moss_tts_v15,DE_to_KO,de,ko,4,,29.04,1.2777777777777777,0.5321637426900585,0.773984510826616,WER,CER,36,75,0.0,0.030138577450998127,0.976414144039154,0.97890305519104,0.9583661109209061,True
syncs_DE_to_KO_92,moss_tts_v15,DE_to_KO,de,ko,4,,36.64,0.9361702127659575,0.3544772256728778,0.561595183198444,WER,CER,47,85,0.5,0.34385788161307573,0.9694046378135681,0.9705214500427246,0.9631189405918121,True
syncs_DE_to_KO_93,moss_tts_v15,DE_to_KO,de,ko,4,,32.8,0.5106382978723404,0.5768575851393188,0.5515542802486847,WER,CER,47,76,0.0,0.03334585088305175,0.9795123338699341,0.9766808152198792,0.9423176646232605,True
syncs_DE_to_KO_94,moss_tts_v15,DE_to_KO,de,ko,3,,23.44,0.4666666666666667,0.391812865497076,0.4251635689884778,WER,CER,45,56,0.0,0.013349278053889671,0.9842221140861511,0.9820131063461304,0.9687421321868896,True
syncs_DE_to_KO_96,moss_tts_v15,DE_to_KO,de,ko,4,,42.0,0.6981132075471698,0.6695906432748538,0.6815882298338439,WER,CER,53,73,0.0,0.09084194793831557,0.971145510673523,0.9707263112068176,0.9588068127632141,True
syncs_DE_to_KO_97,moss_tts_v15,DE_to_KO,de,ko,3,,29.92,0.4117647058823529,0.8451178451178452,0.640478862701085,WER,CER,51,57,0.0,0.017792922134200733,0.977485179901123,0.9755300283432007,0.9705130259195963,True
syncs_DE_to_KO_98,moss_tts_v15,DE_to_KO,de,ko,3,,33.76,0.42105263157894735,0.6568627450980392,0.5379142807565503,WER,CER,57,56,0.0,0.031860634995003544,0.97649085521698,0.9736440777778625,0.9625615477561951,True
syncs_KO_to_DE_0,moss_tts_v15,KO_to_DE,ko,de,3,,37.28,0.15,0.2916666666666667,0.17194835680751175,CER,WER,120,22,0.3333333333333333,0.8713199893633524,0.9741067886352539,0.9718191623687744,0.9656871954600016,True
syncs_KO_to_DE_1,moss_tts_v15,KO_to_DE,ko,de,4,,48.24,0.7006369426751592,0.6305555555555555,0.6872709049255441,CER,WER,157,37,0.0,0.31604969734326005,0.9823905229568481,0.9811550974845886,0.9662599563598633,True
syncs_KO_to_DE_2,moss_tts_v15,KO_to_DE,ko,de,4,,51.76,0.6815642458100558,0.42956349206349204,0.6453918888129414,CER,WER,179,30,0.5,0.37579205725342035,0.9877310395240784,0.9866323471069336,0.9711083769798279,True
syncs_KO_to_DE_4,moss_tts_v15,KO_to_DE,ko,de,3,,37.68,0.4393939393939394,0.6264550264550265,0.4701761435938651,CER,WER,132,26,0.3333333333333333,0.2624673505003254,0.9792661666870117,0.983130156993866,0.961991012096405,True
syncs_KO_to_DE_5,moss_tts_v15,KO_to_DE,ko,de,3,,40.56,0.3262411347517731,0.08928571428571429,0.29300958188153314,CER,WER,141,23,0.3333333333333333,0.34575070192416507,0.9781830906867981,0.980675220489502,0.9610220193862915,True
syncs_KO_to_DE_6,moss_tts_v15,KO_to_DE,ko,de,4,,41.84,0.703125,0.6205357142857143,0.6887384792626727,CER,WER,128,27,0.0,0.02771402636426501,0.9746531844139099,0.9738637208938599,0.9407187104225159,True
syncs_KO_to_DE_8,moss_tts_v15,KO_to_DE,ko,de,4,,48.24,0.7483443708609272,0.4268939393939394,0.6878563864450961,CER,WER,151,35,0.25,0.2868085065856576,0.9818838834762573,0.9733959436416626,0.9638769328594208,True
syncs_KO_to_DE_9,moss_tts_v15,KO_to_DE,ko,de,3,,47.12,0.4591194968553459,0.248015873015873,0.43449074074074073,CER,WER,159,21,0.3333333333333333,0.2998535724667211,0.9861844778060913,0.9869282245635986,0.9598815639813741,True
syncs_KO_to_DE_10,moss_tts_v15,KO_to_DE,ko,de,3,,44.4,0.6347305389221557,0.5476190476190476,0.6254138018843901,CER,WER,167,20,0.0,0.08073487831279635,0.982105016708374,0.9822626113891602,0.9667975703875223,True
syncs_KO_to_DE_12,moss_tts_v15,KO_to_DE,ko,de,4,,48.0,0.43243243243243246,0.5887896825396826,0.46093955538016307,CER,WER,148,33,0.0,0.24140976089984179,0.9819217324256897,0.9819828271865845,0.9340896010398865,True
syncs_KO_to_DE_13,moss_tts_v15,KO_to_DE,ko,de,3,,51.12,0.7365269461077845,0.06666666666666667,0.6648841354723708,CER,WER,167,20,0.0,0.0882014079640309,0.9807009100914001,0.9808467626571655,0.9705235958099365,True
syncs_KO_to_DE_14,moss_tts_v15,KO_to_DE,ko,de,3,,37.92,0.3076923076923077,0.3869047619047619,0.31915726817042606,CER,WER,130,22,0.6666666666666666,0.5216134677951535,0.9792835712432861,0.9812015295028687,0.9529568552970886,True
syncs_KO_to_DE_16,moss_tts_v15,KO_to_DE,ko,de,3,,44.8,0.38372093023255816,0.3398148148148148,0.37776381909547735,CER,WER,172,27,0.0,0.3407680597156286,0.9789850115776062,0.9763984680175781,0.9417349497477213,True
syncs_KO_to_DE_17,moss_tts_v15,KO_to_DE,ko,de,3,,44.72,0.6140350877192983,0.5013227513227513,0.6001628001628001,CER,WER,171,24,0.3333333333333333,0.3551190247138341,0.9810736179351807,0.9794685244560242,0.9669492046038309,True
syncs_KO_to_DE_18,moss_tts_v15,KO_to_DE,ko,de,3,,39.92,0.5753424657534246,0.4861111111111111,0.5622969460688758,CER,WER,146,25,0.6666666666666666,0.5738874152302742,0.9856603741645813,0.9830638766288757,0.9631629586219788,True
syncs_KO_to_DE_20,moss_tts_v15,KO_to_DE,ko,de,4,,44.08,0.7248322147651006,0.7752976190476191,0.7335234788359789,CER,WER,149,31,0.0,0.05267815524712205,0.986877977848053,0.9842956066131592,0.9617171436548233,True
syncs_KO_to_DE_21,moss_tts_v15,KO_to_DE,ko,de,4,,54.32,0.5892857142857143,0.5863095238095237,0.5888605442176871,CER,WER,168,28,0.25,0.24926428962498903,0.9769761562347412,0.9784703254699707,0.9705879092216492,True
syncs_KO_to_DE_22,moss_tts_v15,KO_to_DE,ko,de,4,,42.88,0.6242038216560509,1.0297619047619047,0.6799123495552067,CER,WER,157,25,0.25,0.028858606005087495,0.9821542501449585,0.982899010181427,0.9525863230228424,True
syncs_KO_to_DE_24,moss_tts_v15,KO_to_DE,ko,de,3,,43.68,0.46308724832214765,0.8095238095238095,0.5111478117258464,CER,WER,149,24,0.0,0.06751793483272195,0.9694110751152039,0.9714639782905579,0.9459463357925415,True
syncs_KO_to_DE_25,moss_tts_v15,KO_to_DE,ko,de,4,,46.72,0.35714285714285715,0.11458333333333333,0.30801687763713076,CER,WER,126,32,0.5,0.2945504756644368,0.9829278588294983,0.9857595562934875,0.961626872420311,True
syncs_KO_to_DE_26,moss_tts_v15,KO_to_DE,ko,de,4,,49.52,0.5524861878453039,0.11309523809523808,0.4936204146730463,CER,WER,181,28,0.0,0.23589310981333256,0.9839866161346436,0.9802915453910828,0.9750222861766815,True
syncs_KO_to_DE_28,moss_tts_v15,KO_to_DE,ko,de,3,,39.44,0.4657534246575342,0.19696969696969696,0.42121212121212126,CER,WER,146,29,0.6666666666666666,0.6369706789652506,0.9867905378341675,0.9812959432601929,0.9664736191431681,True
syncs_KO_to_DE_29,moss_tts_v15,KO_to_DE,ko,de,3,,36.72,0.5,0.7904761904761904,0.5410084033613446,CER,WER,146,24,0.0,0.02076721959747374,0.9771572947502136,0.9699046611785889,0.956837018330892,True
syncs_KO_to_DE_30,moss_tts_v15,KO_to_DE,ko,de,3,,49.76,0.7216494845360825,0.45454545454545453,0.6890168654874538,CER,WER,194,27,0.0,0.10878429996470611,0.972166895866394,0.9720262289047241,0.9360895355542501,True
syncs_KO_to_DE_32,moss_tts_v15,KO_to_DE,ko,de,4,,38.88,0.5390070921985816,0.408234126984127,0.5160644667223615,CER,WER,141,30,0.25,0.25400403345702216,0.9832547903060913,0.9831411838531494,0.9740457832813263,True
syncs_KO_to_DE_33,moss_tts_v15,KO_to_DE,ko,de,4,,37.84,0.23809523809523808,0.3159722222222222,0.2562854825628548,CER,WER,105,32,0.25,0.3172234147787094,0.9573927521705627,0.9692424535751343,0.9463479369878769,True
syncs_KO_to_DE_34,moss_tts_v15,KO_to_DE,ko,de,4,,46.72,0.5035971223021583,0.48412698412698413,0.4997706211579044,CER,WER,139,34,0.25,0.30499563075136393,0.9860216379165649,0.9837188124656677,0.9305341690778732,True
syncs_KO_to_DE_36,moss_tts_v15,KO_to_DE,ko,de,3,,42.64,0.581081081081081,0.33796296296296297,0.5483809833225037,CER,WER,148,23,0.0,0.16655337469031414,0.9867203235626221,0.9874396920204163,0.9596667289733887,True
syncs_KO_to_DE_37,moss_tts_v15,KO_to_DE,ko,de,3,,38.4,0.7659574468085106,0.5833333333333334,0.7357001972386589,CER,WER,141,28,0.3333333333333333,0.34678014119466144,0.9883224368095398,0.9885029196739197,0.9735767245292664,True
syncs_KO_to_DE_38,moss_tts_v15,KO_to_DE,ko,de,3,,46.32,0.45454545454545453,0.17989417989417988,0.42280183988726705,CER,WER,176,23,0.3333333333333333,0.26803624505798024,0.9765633940696716,0.9721804857254028,0.9730016390482584,True
syncs_KO_to_DE_40,moss_tts_v15,KO_to_DE,ko,de,3,,35.12,0.48872180451127817,0.575,0.5028301886792453,CER,WER,133,26,0.0,0.023231793583060305,0.9867554306983948,0.9859755635261536,0.9629656473795573,True
syncs_KO_to_DE_41,moss_tts_v15,KO_to_DE,ko,de,3,,36.56,0.5797101449275363,0.4583333333333333,0.5630208333333333,CER,WER,138,22,0.0,0.08978390321135521,0.9807752966880798,0.9802365899085999,0.9684954881668091,True
syncs_KO_to_DE_42,moss_tts_v15,KO_to_DE,ko,de,3,,49.44,0.7080745341614907,0.6190476190476191,0.6978021978021978,CER,WER,161,21,0.0,0.050344359750548996,0.975436806678772,0.9759198427200317,0.9666753609975179,True
syncs_KO_to_DE_44,moss_tts_v15,KO_to_DE,ko,de,3,,38.8,0.5675675675675675,0.32142857142857145,0.5357142857142857,CER,WER,148,22,0.0,0.48431472728649777,0.9767526388168335,0.9751818776130676,0.9641189575195312,True
syncs_KO_to_DE_45,moss_tts_v15,KO_to_DE,ko,de,3,,39.04,0.5579710144927537,0.4444444444444444,0.5399728997289973,CER,WER,138,26,0.3333333333333333,0.19089952336313823,0.9755440950393677,0.9745387434959412,0.9575638175010681,True
syncs_KO_to_DE_46,moss_tts_v15,KO_to_DE,ko,de,3,,51.04,0.7607655502392344,0.7407407407407407,0.7588584255250922,CER,WER,209,22,0.0,0.042167325814565025,0.9823172688484192,0.9804282784461975,0.9549143314361572,True
syncs_KO_to_DE_48,moss_tts_v15,KO_to_DE,ko,de,4,,46.08,0.6887417218543046,0.3839285714285714,0.6425060192616372,CER,WER,151,27,0.25,0.154693266376853,0.9834777116775513,0.9834311008453369,0.9578686207532883,True
syncs_KO_to_DE_49,moss_tts_v15,KO_to_DE,ko,de,3,,46.32,0.676829268292683,0.4074074074074074,0.6436918201624084,CER,WER,164,23,0.3333333333333333,0.2132958510580162,0.9850590825080872,0.9865806102752686,0.9680399497350057,True
syncs_KO_to_DE_50,moss_tts_v15,KO_to_DE,ko,de,4,,55.28,0.6066666666666667,0.42045454545454547,0.5682419432419433,CER,WER,150,39,0.25,0.2745787841267884,0.981479823589325,0.9723958969116211,0.9493408352136612,True
syncs_KO_to_DE_52,moss_tts_v15,KO_to_DE,ko,de,3,,38.64,0.17482517482517482,0.35119047619047616,0.19926133103843946,CER,WER,143,23,0.3333333333333333,0.32182802570362884,0.9760996699333191,0.9727612733840942,0.96250053246816,True
syncs_KO_to_DE_53,moss_tts_v15,KO_to_DE,ko,de,4,,56.16,0.5737704918032787,0.6196428571428572,0.5807787698412699,CER,WER,183,33,0.25,0.16847572848200798,0.9818484783172607,0.978764533996582,0.9484373331069946,True
syncs_KO_to_DE_54,moss_tts_v15,KO_to_DE,ko,de,4,,54.56,0.6685082872928176,0.4017857142857143,0.6316751700680271,CER,WER,181,29,0.0,0.13754068687558174,0.985663652420044,0.9846456050872803,0.9603978097438812,True
syncs_KO_to_DE_56,moss_tts_v15,KO_to_DE,ko,de,3,,48.4,0.3617021276595745,0.43333333333333335,0.3735700197238659,CER,WER,141,28,0.0,0.1774421607454618,0.979399561882019,0.9749554991722107,0.8945919871330261,True
syncs_KO_to_DE_57,moss_tts_v15,KO_to_DE,ko,de,4,,55.04,0.610062893081761,0.4464285714285714,0.5833646616541353,CER,WER,159,31,0.0,0.027977659599855542,0.9778338670730591,0.9797706007957458,0.943625420331955,True
syncs_KO_to_DE_58,moss_tts_v15,KO_to_DE,ko,de,4,,43.76,0.4025974025974026,0.23809523809523808,0.37728937728937734,CER,WER,154,28,0.5,0.2977054067887366,0.9833263158798218,0.978585958480835,0.9531068801879883,True
syncs_KO_to_DE_60,moss_tts_v15,KO_to_DE,ko,de,4,,42.0,0.5851851851851851,0.6666666666666666,0.5987654320987654,CER,WER,135,27,0.25,0.4291336787864566,0.982153058052063,0.9760427474975586,0.9643235504627228,True
syncs_KO_to_DE_61,moss_tts_v15,KO_to_DE,ko,de,3,,50.96,0.5144508670520231,0.39814814814814814,0.4997661803217359,CER,WER,173,25,0.0,0.31573888659477234,0.9888411164283752,0.9873440861701965,0.9393449823061625,True
syncs_KO_to_DE_62,moss_tts_v15,KO_to_DE,ko,de,4,,43.12,0.4691358024691358,0.39285714285714285,0.45721726190476186,CER,WER,162,30,0.25,0.2511417220812291,0.976665735244751,0.9733651280403137,0.9618481397628784,True
syncs_KO_to_DE_64,moss_tts_v15,KO_to_DE,ko,de,3,,40.64,0.31851851851851853,0.5972222222222222,0.35757254069355976,CER,WER,135,22,0.3333333333333333,0.32230865443125367,0.9896094799041748,0.9875988364219666,0.9630639354387919,True
syncs_KO_to_DE_65,moss_tts_v15,KO_to_DE,ko,de,4,,41.2,0.6068965517241379,0.6220238095238095,0.609561011904762,CER,WER,145,31,0.25,0.3168198294006288,0.9810624122619629,0.9816156029701233,0.9645198583602905,True
syncs_KO_to_DE_66,moss_tts_v15,KO_to_DE,ko,de,3,,37.36,0.47101449275362317,0.375,0.4567901234567901,CER,WER,138,24,0.0,0.021472086703094345,0.9844568371772766,0.9742106199264526,0.963854451974233,True
syncs_KO_to_DE_68,moss_tts_v15,KO_to_DE,ko,de,4,,49.04,0.6157894736842106,0.2910714285714286,0.5616697994987468,CER,WER,190,38,0.0,0.05195490410551429,0.9767157435417175,0.977679967880249,0.962081640958786,True
syncs_KO_to_DE_69,moss_tts_v15,KO_to_DE,ko,de,3,,47.52,0.6012269938650306,0.8835978835978836,0.6361438243158672,CER,WER,163,23,0.0,0.12245199829339981,0.9766071438789368,0.9777550101280212,0.9619744817415873,True
syncs_KO_to_DE_70,moss_tts_v15,KO_to_DE,ko,de,3,,42.24,0.5172413793103449,0.2916666666666667,0.486359126984127,CER,WER,145,23,1.0,0.7609513600667318,0.9872630834579468,0.9872463941574097,0.9657694498697916,True
syncs_KO_to_DE_72,moss_tts_v15,KO_to_DE,ko,de,4,,50.24,0.6363636363636364,0.5138888888888888,0.6154383026242323,CER,WER,165,34,0.0,0.14741116054938175,0.9794570803642273,0.9791756868362427,0.9352193772792816,True
syncs_KO_to_DE_73,moss_tts_v15,KO_to_DE,ko,de,3,,47.76,0.475,0.20634920634920634,0.4451499118165785,CER,WER,160,20,0.3333333333333333,0.31870202037195366,0.9799197316169739,0.9765807390213013,0.9592529932657877,True
syncs_KO_to_DE_74,moss_tts_v15,KO_to_DE,ko,de,4,,48.0,0.7664233576642335,0.26785714285714285,0.6818181818181818,CER,WER,137,28,0.0,0.11979708075523376,0.9838132262229919,0.9858134984970093,0.9326260089874268,True
syncs_KO_to_DE_76,moss_tts_v15,KO_to_DE,ko,de,3,,38.88,0.31007751937984496,0.2361111111111111,0.2980699855699856,CER,WER,129,25,0.3333333333333333,0.34702425186211866,0.9825020432472229,0.9761019945144653,0.9335764249165853,True
syncs_KO_to_DE_77,moss_tts_v15,KO_to_DE,ko,de,3,,48.32,0.41358024691358025,0.20202020202020202,0.38145856470463796,CER,WER,162,29,0.0,0.07312587027748425,0.9854914546012878,0.9855729341506958,0.941664437452952,True
syncs_KO_to_DE_78,moss_tts_v15,KO_to_DE,ko,de,4,,42.08,0.6064516129032258,0.26587301587301587,0.5512226512226512,CER,WER,155,30,0.75,0.5015750769525766,0.983676016330719,0.9838467240333557,0.9570343345403671,True
syncs_KO_to_DE_80,moss_tts_v15,KO_to_DE,ko,de,3,,47.52,0.5857988165680473,0.45925925925925926,0.5694921725849561,CER,WER,169,25,0.0,0.04989163142939409,0.9861240386962891,0.9879938960075378,0.9651250044504801,True
syncs_KO_to_DE_81,moss_tts_v15,KO_to_DE,ko,de,3,,51.52,0.4444444444444444,0.4074074074074074,0.4404262753319357,CER,WER,189,23,0.6666666666666666,0.044053428379508354,0.9825000166893005,0.984548807144165,0.9554993708928426,True
syncs_KO_to_DE_82,moss_tts_v15,KO_to_DE,ko,de,3,,41.76,0.6933333333333334,0.5333333333333333,0.6696969696969698,CER,WER,150,26,0.0,0.14068940778573355,0.975925624370575,0.970177412033081,0.9537950754165649,True
syncs_KO_to_DE_84,moss_tts_v15,KO_to_DE,ko,de,4,,51.04,0.6470588235294118,0.5084325396825397,0.626264880952381,CER,WER,170,30,0.25,0.2136242799460888,0.974848747253418,0.9776378273963928,0.9538303762674332,True
syncs_KO_to_DE_85,moss_tts_v15,KO_to_DE,ko,de,3,,40.16,0.37410071942446044,0.8531746031746031,0.4369791666666666,CER,WER,139,21,0.0,0.3338005384430289,0.9842875003814697,0.9791291356086731,0.9687661727269491,True
syncs_KO_to_DE_86,moss_tts_v15,KO_to_DE,ko,de,3,,34.96,0.37398373983739835,0.4601851851851852,0.38949999999999996,CER,WER,123,27,0.3333333333333333,0.5094033965530494,0.9898689389228821,0.9884147644042969,0.971071183681488,True
syncs_KO_to_DE_88,moss_tts_v15,KO_to_DE,ko,de,3,,36.96,0.43609022556390975,0.5151515151515151,0.4502431724653947,CER,WER,133,29,0.0,0.18531550777455172,0.9855852723121643,0.9836330413818359,0.9493508140246073,True
syncs_KO_to_DE_89,moss_tts_v15,KO_to_DE,ko,de,4,,47.36,0.46710526315789475,0.3214285714285714,0.4424277907884465,CER,WER,152,31,0.25,0.23465675860643387,0.9765157699584961,0.9765591621398926,0.9583772122859955,True
syncs_KO_to_DE_90,moss_tts_v15,KO_to_DE,ko,de,4,,43.2,0.6549295774647887,0.30952380952380953,0.5963519910888332,CER,WER,142,29,0.25,0.23729418497532606,0.9869701862335205,0.9860726594924927,0.9586154222488403,True
syncs_KO_to_DE_92,moss_tts_v15,KO_to_DE,ko,de,4,,43.6,0.5246913580246914,0.07142857142857142,0.4538690476190476,CER,WER,162,30,0.5,0.4194108862429857,0.9821434020996094,0.9808995127677917,0.9559991508722305,True
syncs_KO_to_DE_93,moss_tts_v15,KO_to_DE,ko,de,4,,46.96,0.7531645569620253,0.26334776334776333,0.6622707189717499,CER,WER,158,36,0.25,0.4646008722484112,0.9862555265426636,0.9870232343673706,0.9645914286375046,True
syncs_KO_to_DE_94,moss_tts_v15,KO_to_DE,ko,de,3,,38.16,0.49333333333333335,0.4583333333333333,0.4888565891472868,CER,WER,150,22,0.3333333333333333,0.49535078555345535,0.971541702747345,0.9766457080841064,0.9602495829264323,True
syncs_KO_to_DE_96,moss_tts_v15,KO_to_DE,ko,de,4,,44.8,0.8222222222222222,0.5396825396825397,0.7708513708513709,CER,WER,135,30,0.0,0.3342590224929154,0.9814553260803223,0.9763903021812439,0.973397970199585,True
syncs_KO_to_DE_97,moss_tts_v15,KO_to_DE,ko,de,3,,49.12,0.3699421965317919,0.4861111111111111,0.38251718213058417,CER,WER,173,21,0.0,0.2556851478196525,0.9833006262779236,0.9813449382781982,0.9643837412198385,True
syncs_KO_to_DE_98,moss_tts_v15,KO_to_DE,ko,de,3,,58.72,0.6298076923076923,0.7261904761904762,0.6394042465471037,CER,WER,208,23,0.3333333333333333,0.014606716887404522,0.9748876094818115,0.9749698042869568,0.9291443030039469,True
syncs_DE_to_JA_0,moss_tts_v15,DE_to_JA,de,ja,3,,32.32,0.3333333333333333,1.2007575757575757,0.7336829836829837,WER,CER,63,54,0.0,0.07851977894703548,0.9782556295394897,0.9806010127067566,0.9668970902760824,True
syncs_DE_to_JA_1,moss_tts_v15,DE_to_JA,de,ja,4,,40.72,0.6078431372549019,0.8166792357968828,0.7248633648861843,WER,CER,51,65,0.25,0.03701035666745156,0.9712626934051514,0.9577863812446594,0.9460540860891342,True
syncs_DE_to_JA_2,moss_tts_v15,DE_to_JA,de,ja,3,,33.36,0.543859649122807,0.9679633867276888,0.7630997168677035,WER,CER,57,61,0.0,0.031202811747789383,0.9737792611122131,0.9773166179656982,0.9297783176104227,True
syncs_DE_to_JA_4,moss_tts_v15,DE_to_JA,de,ja,4,,33.36,0.4222222222222222,1.2291666666666665,0.8660416666666666,WER,CER,45,55,0.0,0.10815171618014574,0.9876303672790527,0.9869519472122192,0.9542226493358612,True
syncs_DE_to_JA_5,moss_tts_v15,DE_to_JA,de,ja,3,,32.56,0.3508771929824561,1.3553418803418804,0.7884657696538884,WER,CER,57,44,0.0,0.007996010021694625,0.9881464838981628,0.986503541469574,0.9773045380910238,True
syncs_DE_to_JA_6,moss_tts_v15,DE_to_JA,de,ja,3,,23.2,0.4583333333333333,0.647089947089947,0.5517181843497633,WER,CER,48,47,0.0,0.023023825682078797,0.9791740775108337,0.9821580648422241,0.9721324841181437,True
syncs_DE_to_JA_8,moss_tts_v15,DE_to_JA,de,ja,3,,38.8,0.4,1.7291666666666667,0.9646017699115044,WER,CER,65,48,0.0,0.04086642456240952,0.9747107028961182,0.9701120257377625,0.9427129824956259,True
syncs_DE_to_JA_9,moss_tts_v15,DE_to_JA,de,ja,3,,28.16,0.7777777777777778,1.1484593837535013,0.9651552928863852,WER,CER,45,46,0.0,0.048584540064136185,0.9769271016120911,0.9836907386779785,0.9599080284436544,True
syncs_DE_to_JA_10,moss_tts_v15,DE_to_JA,de,ja,4,,36.8,0.45454545454545453,1.005187908496732,0.754895883973424,WER,CER,55,66,0.0,0.05435381247662008,0.9859375953674316,0.9843155145645142,0.9612037986516953,True
syncs_DE_to_JA_12,moss_tts_v15,DE_to_JA,de,ja,4,,32.16,0.6078431372549019,1.0282883986928104,0.8495991625816993,WER,CER,51,69,0.0,0.12819774681702256,0.9824395179748535,0.9843730330467224,0.9679841995239258,True
syncs_DE_to_JA_13,moss_tts_v15,DE_to_JA,de,ja,3,,28.16,0.3090909090909091,1.2996794871794872,0.7548557692307694,WER,CER,55,45,0.0,0.03473770742615064,0.9786937832832336,0.976216197013855,0.9448209007581075,True
syncs_DE_to_JA_14,moss_tts_v15,DE_to_JA,de,ja,3,,29.2,0.30357142857142855,0.8047619047619048,0.5061803444782168,WER,CER,56,38,0.0,0.06253602883468072,0.9778501391410828,0.9782767295837402,0.9710360765457153,True
syncs_DE_to_JA_16,moss_tts_v15,DE_to_JA,de,ja,3,,25.04,0.3090909090909091,0.9824561403508771,0.6263495276653172,WER,CER,55,49,0.0,0.05371815664693713,0.9818509817123413,0.9808101654052734,0.9316778580347697,True
syncs_DE_to_JA_17,moss_tts_v15,DE_to_JA,de,ja,3,,27.76,0.4489795918367347,1.3327228327228327,0.8568610876303184,WER,CER,49,42,0.0,0.031685195630416274,0.9688098430633545,0.9703664779663086,0.9584841330846151,True
syncs_DE_to_JA_18,moss_tts_v15,DE_to_JA,de,ja,3,,31.2,0.49019607843137253,1.1972222222222222,0.8254868270332187,WER,CER,51,46,0.0,0.06672702170908451,0.9735324382781982,0.9689444899559021,0.9701405167579651,True
syncs_DE_to_JA_20,moss_tts_v15,DE_to_JA,de,ja,4,,25.2,0.5208333333333334,0.5120652427637722,0.5157897414127893,WER,CER,48,65,0.0,0.21912492718547583,0.9817132353782654,0.9807808995246887,0.9575570076704025,True
syncs_DE_to_JA_21,moss_tts_v15,DE_to_JA,de,ja,3,,28.32,0.45454545454545453,1.0426587301587302,0.7431565990593769,WER,CER,55,53,0.0,0.045564647763967514,0.9897724986076355,0.9897813200950623,0.9473026394844055,True
syncs_DE_to_JA_22,moss_tts_v15,DE_to_JA,de,ja,3,,28.48,0.4230769230769231,0.9109126984126984,0.6493924889543446,WER,CER,52,45,0.0,0.02725907399629553,0.9793328642845154,0.9754292368888855,0.9699498414993286,True
syncs_DE_to_JA_24,moss_tts_v15,DE_to_JA,de,ja,4,,40.56,0.5862068965517241,1.0270833333333333,0.812202380952381,WER,CER,58,61,0.0,0.04130087059456855,0.9695994257926941,0.9661055207252502,0.9404203742742538,True
syncs_DE_to_JA_25,moss_tts_v15,DE_to_JA,de,ja,4,,38.72,0.4375,1.0480392156862746,0.7427696078431373,WER,CER,64,64,0.0,0.03979305678512901,0.9877306818962097,0.9897607564926147,0.9699725806713104,True
syncs_DE_to_JA_26,moss_tts_v15,DE_to_JA,de,ja,3,,26.72,0.41818181818181815,0.9694444444444444,0.6721949891067539,WER,CER,55,47,0.3333333333333333,0.18120516448592147,0.984950840473175,0.9851198196411133,0.9439366459846497,True
syncs_DE_to_JA_28,moss_tts_v15,DE_to_JA,de,ja,4,,34.16,0.576271186440678,1.1458333333333333,0.8726287262872628,WER,CER,59,64,0.0,0.02722645062021911,0.9916484951972961,0.993315577507019,0.9588794261217117,True
syncs_DE_to_JA_29,moss_tts_v15,DE_to_JA,de,ja,3,,33.2,0.38596491228070173,0.6994047619047619,0.5225129655822724,WER,CER,57,44,0.0,0.08836994234782954,0.9701783657073975,0.9738360643386841,0.9417995611826578,True
syncs_DE_to_JA_30,moss_tts_v15,DE_to_JA,de,ja,4,,31.04,0.6458333333333334,1.2540849673202614,1.0045458354281884,WER,CER,48,69,0.0,0.04170312057249248,0.9816756248474121,0.9850091338157654,0.9623618125915527,True
syncs_DE_to_JA_32,moss_tts_v15,DE_to_JA,de,ja,4,,28.48,0.5652173913043478,1.1655677655677656,0.8894065934065933,WER,CER,46,54,0.0,0.017555768601596355,0.9587090015411377,0.9463580846786499,0.9502238482236862,True
syncs_DE_to_JA_33,moss_tts_v15,DE_to_JA,de,ja,3,,23.28,0.5,1.4068986568986568,0.9161064425770308,WER,CER,46,39,0.0,0.03423843812197447,0.9787229299545288,0.9781085252761841,0.9651516079902649,True
syncs_DE_to_JA_34,moss_tts_v15,DE_to_JA,de,ja,4,,33.04,0.6078431372549019,1.1236263736263736,0.8800620675620676,WER,CER,51,57,0.0,0.04732476768549532,0.9784826040267944,0.9842947125434875,0.9609149247407913,True
syncs_DE_to_JA_36,moss_tts_v15,DE_to_JA,de,ja,4,,34.24,0.48333333333333334,0.9167542016806722,0.7070344266738954,WER,CER,60,64,0.0,0.16521069209557027,0.9686231017112732,0.9674922227859497,0.9318314045667648,True
syncs_DE_to_JA_37,moss_tts_v15,DE_to_JA,de,ja,4,,39.6,0.4666666666666667,0.8040570175438596,0.6483383940620782,WER,CER,60,70,0.0,0.061498242197558284,0.9771867990493774,0.9815917015075684,0.9704350084066391,True
syncs_DE_to_JA_38,moss_tts_v15,DE_to_JA,de,ja,3,,28.56,0.288135593220339,1.4515056022408963,0.8039694651445484,WER,CER,59,47,0.0,0.012751113312939802,0.9887453317642212,0.9870501160621643,0.9790974458058676,True
syncs_DE_to_JA_40,moss_tts_v15,DE_to_JA,de,ja,4,,41.52,0.4838709677419355,0.9416510025062657,0.7216326912241845,WER,CER,62,67,0.0,0.04414737262413837,0.9670689105987549,0.9656949639320374,0.9436764419078827,True
syncs_DE_to_JA_41,moss_tts_v15,DE_to_JA,de,ja,4,,34.16,0.9545454545454546,0.7649128045867176,0.8271802418866013,WER,CER,44,90,0.0,0.10210767015814781,0.9849639534950256,0.9881007671356201,0.9426226615905762,True
syncs_DE_to_JA_42,moss_tts_v15,DE_to_JA,de,ja,4,,32.16,0.509090909090909,1.2512838468720822,0.9139234206079127,WER,CER,55,66,0.0,0.048508504871279,0.9802041053771973,0.971741795539856,0.9554631114006042,True
syncs_DE_to_JA_44,moss_tts_v15,DE_to_JA,de,ja,4,,34.08,0.6153846153846154,0.9991776315789473,0.8328673245614036,WER,CER,52,68,0.0,0.0457886119838804,0.9826541543006897,0.9822770357131958,0.9667757004499435,True
syncs_DE_to_JA_45,moss_tts_v15,DE_to_JA,de,ja,3,,32.24,0.39285714285714285,1.3897435897435897,0.820094191522763,WER,CER,56,42,0.0,0.030559627804905176,0.9859950542449951,0.9833174347877502,0.9729106624921163,True
syncs_DE_to_JA_46,moss_tts_v15,DE_to_JA,de,ja,4,,33.6,0.46153846153846156,1.153337104072398,0.7847558600993991,WER,CER,65,57,0.0,0.03720929566770792,0.965896487236023,0.9555349349975586,0.9675108343362808,True
syncs_DE_to_JA_48,moss_tts_v15,DE_to_JA,de,ja,3,,31.76,0.5344827586206896,0.5559343434343434,0.5447254072254072,WER,CER,58,53,0.0,0.04134292434900999,0.9570640325546265,0.9584453701972961,0.9558855493863424,True
syncs_DE_to_JA_49,moss_tts_v15,DE_to_JA,de,ja,3,,31.2,0.46551724137931033,1.0359477124183005,0.7296054224158799,WER,CER,58,50,0.0,0.17532667145133018,0.975080132484436,0.9734931588172913,0.9399397373199463,True
syncs_DE_to_JA_50,moss_tts_v15,DE_to_JA,de,ja,4,,35.84,0.4153846153846154,1.2165178571428572,0.7999285714285714,WER,CER,65,60,0.0,0.06825972278602421,0.9699642658233643,0.9735353589057922,0.9532216638326645,True
syncs_DE_to_JA_52,moss_tts_v15,DE_to_JA,de,ja,4,,32.08,0.3125,1.1458333333333333,0.6738569321533923,WER,CER,64,49,0.0,0.044454079936258495,0.9841893911361694,0.9812146425247192,0.9619672298431396,True
syncs_DE_to_JA_53,moss_tts_v15,DE_to_JA,de,ja,3,,37.2,0.5192307692307693,0.7712842712842713,0.6602098466505247,WER,CER,52,66,0.0,0.09995235378543536,0.9801720976829529,0.9746407270431519,0.9610651532808939,True
syncs_DE_to_JA_54,moss_tts_v15,DE_to_JA,de,ja,4,,30.96,0.5098039215686274,0.837077067669173,0.691938542007192,WER,CER,51,64,0.0,0.12446045875549316,0.9801273941993713,0.9804727435112,0.9583598375320435,True
syncs_DE_to_JA_56,moss_tts_v15,DE_to_JA,de,ja,4,,36.88,0.5,1.35,1.0068807339449541,WER,CER,44,65,0.0,0.028767733136191964,0.987101137638092,0.9844537973403931,0.9582591205835342,True
syncs_DE_to_JA_57,moss_tts_v15,DE_to_JA,de,ja,4,,31.92,0.5102040816326531,0.6324754901960784,0.5856684666053922,WER,CER,49,79,0.25,0.20527330413460732,0.9880915880203247,0.9797857999801636,0.961098849773407,True
syncs_DE_to_JA_58,moss_tts_v15,DE_to_JA,de,ja,3,,32.0,0.36507936507936506,0.9693121693121693,0.6232515632515633,WER,CER,63,47,0.0,0.05778317122409741,0.9545804262161255,0.9468379020690918,0.9430932005246481,True
syncs_DE_to_JA_60,moss_tts_v15,DE_to_JA,de,ja,4,,41.2,0.5666666666666667,0.7703007518796993,0.6777398040555935,WER,CER,60,72,0.25,0.19518178165890276,0.974786639213562,0.971811056137085,0.968501478433609,True
syncs_DE_to_JA_61,moss_tts_v15,DE_to_JA,de,ja,3,,31.04,0.44680851063829785,0.7366946778711485,0.6044165238911099,WER,CER,47,56,0.0,0.034554517517487206,0.9812352657318115,0.9792240262031555,0.9609796404838562,True
syncs_DE_to_JA_62,moss_tts_v15,DE_to_JA,de,ja,3,,36.72,0.45901639344262296,1.2444444444444445,0.7924528301886793,WER,CER,61,45,0.0,0.044688849399487175,0.9770790934562683,0.9707304835319519,0.9719076553980509,True
syncs_DE_to_JA_64,moss_tts_v15,DE_to_JA,de,ja,4,,36.24,0.5483870967741935,0.9208333333333334,0.7361,WER,CER,62,63,0.0,0.08636572770774364,0.9669462442398071,0.9582871794700623,0.9712674021720886,True
syncs_DE_to_JA_65,moss_tts_v15,DE_to_JA,de,ja,3,,34.48,0.2711864406779661,1.2532763532763533,0.701435354768688,WER,CER,59,46,0.0,0.13619133085012436,0.9887850880622864,0.9876969456672668,0.9781492749849955,True
syncs_DE_to_JA_66,moss_tts_v15,DE_to_JA,de,ja,3,,32.24,0.4,1.211484593837535,0.7487960096319229,WER,CER,65,49,0.0,0.08232250809669495,0.9831945896148682,0.9825134873390198,0.9275431434313456,True
syncs_DE_to_JA_68,moss_tts_v15,DE_to_JA,de,ja,4,,38.32,0.7704918032786885,1.025,0.9046511627906976,WER,CER,61,68,0.0,0.05881237145513296,0.9751052856445312,0.9684659242630005,0.9655794650316238,True
syncs_DE_to_JA_69,moss_tts_v15,DE_to_JA,de,ja,4,,38.88,0.9615384615384616,1.2160353535353534,1.1118319016941063,WER,CER,52,75,0.0,0.13084213621914387,0.9811394810676575,0.9805454611778259,0.9660637080669403,True
syncs_DE_to_JA_70,moss_tts_v15,DE_to_JA,de,ja,3,,31.04,0.4406779661016949,1.3626373626373627,0.8131868131868133,WER,CER,59,40,0.0,0.020294155304630596,0.9769425988197327,0.9756097793579102,0.9543789227803549,True
syncs_DE_to_JA_72,moss_tts_v15,DE_to_JA,de,ja,3,,36.24,0.42857142857142855,0.8061002178649237,0.6010630305762151,WER,CER,63,53,0.0,0.07198476418852806,0.9744096398353577,0.970481276512146,0.9589359362920126,True
syncs_DE_to_JA_73,moss_tts_v15,DE_to_JA,de,ja,4,,27.92,0.40816326530612246,1.3203414232825998,0.90648281457105,WER,CER,49,59,0.0,0.04294560305424966,0.9891373515129089,0.9894547462463379,0.9532487690448761,True
syncs_DE_to_JA_74,moss_tts_v15,DE_to_JA,de,ja,3,,31.76,0.32786885245901637,1.1444444444444444,0.6745283018867925,WER,CER,61,45,0.0,0.09372686346371968,0.9796061515808105,0.9796150326728821,0.9284182786941528,True
syncs_DE_to_JA_76,moss_tts_v15,DE_to_JA,de,ja,4,,29.6,0.4230769230769231,1.1483516483516483,0.8023490271196694,WER,CER,52,57,0.0,0.019956986012402922,0.9785639643669128,0.9769416451454163,0.975895345211029,True
syncs_DE_to_JA_77,moss_tts_v15,DE_to_JA,de,ja,4,,29.2,0.6862745098039216,0.9626750700280112,0.8432138109481081,WER,CER,51,67,0.0,0.07273542392067611,0.9886139035224915,0.9918659329414368,0.9500901848077774,True
syncs_DE_to_JA_78,moss_tts_v15,DE_to_JA,de,ja,4,,37.92,0.5636363636363636,1.2063301282051282,0.8849832459207458,WER,CER,55,55,0.0,0.01648200282943435,0.9874160289764404,0.9866710901260376,0.9584859162569046,True
syncs_DE_to_JA_80,moss_tts_v15,DE_to_JA,de,ja,4,,37.6,0.43548387096774194,1.4093406593406592,0.8750121559856072,WER,CER,62,51,0.0,0.026078842114657164,0.9896444082260132,0.9875953197479248,0.954449936747551,True
syncs_DE_to_JA_81,moss_tts_v15,DE_to_JA,de,ja,4,,29.68,0.6170212765957447,1.1850649350649352,0.9549093148231079,WER,CER,47,69,0.0,0.056959728710353374,0.9867761731147766,0.9863396883010864,0.9755785763263702,True
syncs_DE_to_JA_82,moss_tts_v15,DE_to_JA,de,ja,4,,42.08,0.559322033898305,1.0212710084033614,0.8116172430510666,WER,CER,59,71,0.0,0.013182790447899606,0.9815250635147095,0.9692477583885193,0.9640858322381973,True
syncs_DE_to_JA_84,moss_tts_v15,DE_to_JA,de,ja,4,,32.96,0.6153846153846154,0.6461805555555555,0.6327235060690943,WER,CER,52,67,0.0,0.01997880800627172,0.9837246537208557,0.9864147901535034,0.94599649310112,True
syncs_DE_to_JA_85,moss_tts_v15,DE_to_JA,de,ja,3,,34.32,0.7068965517241379,1.2876254180602007,0.9972609848921693,WER,CER,58,58,0.0,0.022004449119170506,0.9620287418365479,0.9476632475852966,0.9624127745628357,True
syncs_DE_to_JA_86,moss_tts_v15,DE_to_JA,de,ja,4,,27.6,0.5625,1.3529761904761906,0.9845989366620435,WER,CER,48,55,0.0,0.04407056770287454,0.9797775149345398,0.9831568002700806,0.9562578201293945,True
syncs_DE_to_JA_88,moss_tts_v15,DE_to_JA,de,ja,4,,33.2,0.5294117647058824,1.0311792986425339,0.8280829158586511,WER,CER,51,75,0.25,0.25572844594717026,0.9829517602920532,0.9824569821357727,0.9643857330083847,True
syncs_DE_to_JA_89,moss_tts_v15,DE_to_JA,de,ja,4,,39.92,0.43859649122807015,1.4502923976608186,1.0134237107921318,WER,CER,57,75,0.0,0.1902769599109888,0.9688420295715332,0.9806373119354248,0.9572536796331406,True
syncs_DE_to_JA_90,moss_tts_v15,DE_to_JA,de,ja,4,,35.76,0.38596491228070173,1.1102941176470589,0.78,WER,CER,57,68,0.0,0.023077515652403235,0.9740490317344666,0.9800917506217957,0.9521289467811584,True
syncs_DE_to_JA_92,moss_tts_v15,DE_to_JA,de,ja,3,,26.64,0.3125,0.7393207282913166,0.5236639392599145,WER,CER,48,47,0.0,0.04106373153626919,0.9953444004058838,0.9945508241653442,0.973506510257721,True
syncs_DE_to_JA_93,moss_tts_v15,DE_to_JA,de,ja,3,,29.6,0.3275862068965517,2.073611111111111,1.099866452991453,WER,CER,58,46,0.0,0.03546809436132511,0.9749774932861328,0.9738632440567017,0.9698214530944824,True
syncs_DE_to_JA_94,moss_tts_v15,DE_to_JA,de,ja,4,,33.28,0.62,1.3868818681318682,1.0318439662189662,WER,CER,50,58,0.0,0.07062885025516152,0.983828604221344,0.980604350566864,0.9502294361591339,True
syncs_DE_to_JA_96,moss_tts_v15,DE_to_JA,de,ja,4,,29.12,0.5957446808510638,1.0325549450549452,0.8424615893365894,WER,CER,47,61,0.0,0.03533589467406273,0.9843765497207642,0.9825426340103149,0.9703224301338196,True
syncs_DE_to_JA_97,moss_tts_v15,DE_to_JA,de,ja,4,,35.04,0.36231884057971014,1.326098901098901,0.7940923076923078,WER,CER,69,56,0.0,0.04667433595750481,0.9723732471466064,0.9618840217590332,0.9599383473396301,True
syncs_DE_to_JA_98,moss_tts_v15,DE_to_JA,de,ja,4,,31.36,0.45,1.2022058823529411,0.8382352941176471,WER,CER,60,64,0.0,0.19365176939754747,0.9726279973983765,0.9809748530387878,0.9550368636846542,True
syncs_JA_to_DE_0,moss_tts_v15,JA_to_DE,ja,de,4,,44.72,0.7521367521367521,0.8035714285714286,0.762353228962818,CER,WER,117,29,0.25,0.3420017031603493,0.9806859493255615,0.9803619384765625,0.9507939219474792,True
syncs_JA_to_DE_1,moss_tts_v15,JA_to_DE,ja,de,4,,40.16,0.7014925373134329,0.40575396825396826,0.6416406840513984,CER,WER,134,34,0.0,0.043600443517789245,0.9605581760406494,0.9568106532096863,0.953662246465683,True
syncs_JA_to_DE_2,moss_tts_v15,JA_to_DE,ja,de,4,,42.64,0.8108108108108109,0.4990079365079365,0.7539627729544857,CER,WER,148,33,0.25,0.3060127799399197,0.9705811142921448,0.969203531742096,0.9662993848323822,True
syncs_JA_to_DE_4,moss_tts_v15,JA_to_DE,ja,de,4,,41.92,0.8392857142857143,0.5468253968253968,0.7758852258852258,CER,WER,112,31,0.0,0.2964291136013344,0.9744825959205627,0.970233678817749,0.9726515561342239,True
syncs_JA_to_DE_5,moss_tts_v15,JA_to_DE,ja,de,3,,41.6,0.3333333333333333,0.47023809523809523,0.3532797224850205,CER,WER,129,22,0.3333333333333333,0.3079002797603607,0.9645740985870361,0.9642878770828247,0.9707129796346029,True
syncs_JA_to_DE_6,moss_tts_v15,JA_to_DE,ja,de,3,,32.72,0.7909090909090909,0.6952380952380953,0.7768180140273164,CER,WER,110,19,0.0,0.01409767884373044,0.9781762361526489,0.9717035889625549,0.9781602025032043,True
syncs_JA_to_DE_8,moss_tts_v15,JA_to_DE,ja,de,3,,33.04,0.26785714285714285,0.6964285714285714,0.3460636079249218,CER,WER,112,25,0.0,0.3472385195394357,0.9717838764190674,0.9727764129638672,0.9638917446136475,True
syncs_JA_to_DE_9,moss_tts_v15,JA_to_DE,ja,de,3,,43.6,0.6571428571428571,0.41111111111111115,0.6237311385459534,CER,WER,140,22,0.0,0.296150878071785,0.9732280969619751,0.9674875140190125,0.9677593310674032,True
syncs_JA_to_DE_10,moss_tts_v15,JA_to_DE,ja,de,4,,50.16,0.8851351351351351,0.6845238095238095,0.8541836734693877,CER,WER,148,27,0.25,0.16560438089072704,0.9713860750198364,0.9695264101028442,0.9786089807748795,True
syncs_JA_to_DE_12,moss_tts_v15,JA_to_DE,ja,de,4,,40.0,0.2828282828282828,0.40625,0.310791015625,CER,WER,99,29,0.0,0.26510071754455566,0.9798304438591003,0.9728711843490601,0.9778311103582382,True
syncs_JA_to_DE_13,moss_tts_v15,JA_to_DE,ja,de,3,,35.2,0.8691588785046729,0.11574074074074074,0.7264660493827161,CER,WER,107,25,0.6666666666666666,0.35972054877008003,0.9698649644851685,0.9749917984008789,0.9661728938420614,True
syncs_JA_to_DE_14,moss_tts_v15,JA_to_DE,ja,de,3,,39.12,0.7153846153846154,0.6888888888888889,0.7111111111111111,CER,WER,130,25,0.0,0.08169981588919957,0.9635850191116333,0.9631617069244385,0.9680797457695007,True
syncs_JA_to_DE_16,moss_tts_v15,JA_to_DE,ja,de,3,,38.64,0.8631578947368421,0.6814814814814815,0.821800662451069,CER,WER,95,28,0.0,0.10044329264201224,0.9563146829605103,0.9516152739524841,0.9593711296717325,True
syncs_JA_to_DE_17,moss_tts_v15,JA_to_DE,ja,de,3,,40.48,0.7281553398058253,0.4861111111111111,0.6855555555555556,CER,WER,103,22,0.3333333333333333,0.19839486572891474,0.981886625289917,0.9790171980857849,0.956638514995575,True
syncs_JA_to_DE_18,moss_tts_v15,JA_to_DE,ja,de,3,,31.76,0.9607843137254902,0.19444444444444445,0.8351548269581056,CER,WER,102,20,0.3333333333333333,0.32012744154781103,0.9771571159362793,0.9726126194000244,0.9751092394193014,True
syncs_JA_to_DE_20,moss_tts_v15,JA_to_DE,ja,de,4,,44.16,0.9117647058823529,0.6592261904761905,0.8500330687830687,CER,WER,102,33,0.25,0.2959892526268959,0.9783819317817688,0.9746090173721313,0.9704294055700302,True
syncs_JA_to_DE_21,moss_tts_v15,JA_to_DE,ja,de,3,,33.6,0.8020833333333334,0.7571428571428571,0.7927981109799291,CER,WER,96,25,0.0,0.19227804274608692,0.9836397767066956,0.9686675071716309,0.970439076423645,True
syncs_JA_to_DE_22,moss_tts_v15,JA_to_DE,ja,de,3,,35.84,0.7398373983739838,0.4126984126984127,0.6940836940836941,CER,WER,123,20,0.3333333333333333,0.12285349518060684,0.9521847367286682,0.9385901689529419,0.9680287639300028,True
syncs_JA_to_DE_24,moss_tts_v15,JA_to_DE,ja,de,4,,39.04,1.0096153846153846,0.4357142857142857,0.8811300639658849,CER,WER,104,30,0.0,0.3247256779577583,0.9711198806762695,0.9612135887145996,0.9758686274290085,True
syncs_JA_to_DE_25,moss_tts_v15,JA_to_DE,ja,de,4,,44.48,0.847457627118644,0.4375,0.757864238410596,CER,WER,118,33,0.25,0.25605490687303245,0.9794501066207886,0.9706286191940308,0.975233793258667,True
syncs_JA_to_DE_26,moss_tts_v15,JA_to_DE,ja,de,3,,39.92,0.797979797979798,0.45984848484848484,0.7213719223484849,CER,WER,99,29,0.3333333333333333,0.4927062342564265,0.9632747173309326,0.9542999863624573,0.955605943997701,True
syncs_JA_to_DE_28,moss_tts_v15,JA_to_DE,ja,de,4,,51.36,0.7536231884057971,0.5535714285714286,0.7159663865546219,CER,WER,138,32,0.25,0.2947520044981502,0.9687764644622803,0.9644487500190735,0.9709429293870926,True
syncs_JA_to_DE_29,moss_tts_v15,JA_to_DE,ja,de,3,,38.96,0.7864077669902912,0.6666666666666666,0.7645502645502645,CER,WER,103,23,0.0,0.024436072912067175,0.9769694805145264,0.970890462398529,0.981266975402832,True
syncs_JA_to_DE_30,moss_tts_v15,JA_to_DE,ja,de,4,,42.88,0.8189655172413793,0.7961309523809523,0.8146540959040959,CER,WER,116,27,0.0,0.20487869769567624,0.9847003221511841,0.9773080945014954,0.9785889834165573,True
syncs_JA_to_DE_32,moss_tts_v15,JA_to_DE,ja,de,4,,39.6,1.0285714285714285,0.5232142857142857,0.9282715376226826,CER,WER,105,26,0.0,0.014099265565164387,0.9867053627967834,0.9828935265541077,0.972524493932724,True
syncs_JA_to_DE_33,moss_tts_v15,JA_to_DE,ja,de,3,,45.52,0.9590163934426229,0.38095238095238093,0.8811212428233705,CER,WER,122,19,0.3333333333333333,0.20131731623162827,0.9767303466796875,0.9676110148429871,0.9810477296511332,True
syncs_JA_to_DE_34,moss_tts_v15,JA_to_DE,ja,de,4,,49.92,0.7593984962406015,0.4880952380952381,0.7094653812445223,CER,WER,133,30,0.0,0.05814925447339192,0.9649555087089539,0.9665126800537109,0.9656164646148682,True
syncs_JA_to_DE_36,moss_tts_v15,JA_to_DE,ja,de,4,,48.72,0.9083333333333333,0.28402777777777777,0.7612039985845718,CER,WER,120,37,0.5,0.3687178809195757,0.9824796915054321,0.976853609085083,0.9666575938463211,True
syncs_JA_to_DE_37,moss_tts_v15,JA_to_DE,ja,de,4,,43.76,0.8046875,0.6785714285714286,0.7800988319856245,CER,WER,128,31,0.0,0.14787037577480078,0.9676675796508789,0.9669166803359985,0.9647241979837418,True
syncs_JA_to_DE_38,moss_tts_v15,JA_to_DE,ja,de,4,,48.32,0.984375,0.45535714285714285,0.8812331536388139,CER,WER,128,31,0.25,0.23947694851085544,0.9816820621490479,0.9825990796089172,0.9672420173883438,True
syncs_JA_to_DE_40,moss_tts_v15,JA_to_DE,ja,de,4,,40.56,0.79,0.53125,0.7287690839694656,CER,WER,100,31,0.25,0.31946857397269923,0.9686177372932434,0.9661828279495239,0.9584640115499496,True
syncs_JA_to_DE_41,moss_tts_v15,JA_to_DE,ja,de,4,,48.48,0.6307692307692307,0.6264880952380952,0.6300105485232068,CER,WER,130,28,0.25,0.17855041520670056,0.9625841379165649,0.9612864255905151,0.9614281952381134,True
syncs_JA_to_DE_42,moss_tts_v15,JA_to_DE,ja,de,4,,41.52,0.7798165137614679,0.7222222222222222,0.7673860911270983,CER,WER,109,30,0.0,0.2682839472545311,0.9815809726715088,0.9824877977371216,0.9804635792970657,True
syncs_JA_to_DE_44,moss_tts_v15,JA_to_DE,ja,de,3,,47.12,0.7317073170731707,0.44047619047619047,0.6858284409654273,CER,WER,123,23,0.0,0.04182394050682584,0.9765127301216125,0.973684549331665,0.9391461213429769,True
syncs_JA_to_DE_45,moss_tts_v15,JA_to_DE,ja,de,3,,40.32,0.803921568627451,0.5703703703703703,0.7536182336182337,CER,WER,102,28,0.0,0.04089224024210125,0.972404956817627,0.9759467840194702,0.9575988252957662,True
syncs_JA_to_DE_46,moss_tts_v15,JA_to_DE,ja,de,4,,44.8,0.9217391304347826,0.5932539682539683,0.8519922809306371,CER,WER,115,31,0.0,0.4849121291190386,0.9761313199996948,0.973480224609375,0.9652516841888428,True
syncs_JA_to_DE_48,moss_tts_v15,JA_to_DE,ja,de,3,,39.28,0.8074074074074075,0.7142857142857142,0.7948717948717949,CER,WER,135,21,0.3333333333333333,0.34904243672887486,0.9770184755325317,0.9711662530899048,0.9722608725229899,True
syncs_JA_to_DE_49,moss_tts_v15,JA_to_DE,ja,de,3,,50.64,0.7058823529411765,0.9,0.7390243902439024,CER,WER,136,28,0.0,0.27220886169622344,0.9702485799789429,0.9604457020759583,0.9431363145510355,True
syncs_JA_to_DE_50,moss_tts_v15,JA_to_DE,ja,de,4,,49.92,0.76,0.5357142857142857,0.7213812677388837,CER,WER,125,26,0.0,0.02296291070524603,0.9763099551200867,0.9796363711357117,0.9582026898860931,True
syncs_JA_to_DE_52,moss_tts_v15,JA_to_DE,ja,de,4,,53.2,0.8345323741007195,0.7395833333333334,0.8176775147928994,CER,WER,139,30,0.0,0.07355321051727515,0.9831199049949646,0.981204628944397,0.9695730954408646,True
syncs_JA_to_DE_53,moss_tts_v15,JA_to_DE,ja,de,3,,43.2,0.847457627118644,0.5079365079365079,0.7982516678168852,CER,WER,118,20,0.3333333333333333,0.19173027016222477,0.9786210060119629,0.9819708466529846,0.9664215048154196,True
syncs_JA_to_DE_54,moss_tts_v15,JA_to_DE,ja,de,4,,51.04,0.7202797202797203,0.5122023809523809,0.683208470169677,CER,WER,143,31,0.0,0.09793319652089849,0.969472348690033,0.9631256461143494,0.9555814564228058,True
syncs_JA_to_DE_56,moss_tts_v15,JA_to_DE,ja,de,3,,35.44,0.9047619047619048,0.9735449735449736,0.9171213624338624,CER,WER,105,23,0.3333333333333333,0.39170565208769403,0.9822294116020203,0.9784066677093506,0.986282209555308,True
syncs_JA_to_DE_57,moss_tts_v15,JA_to_DE,ja,de,4,,46.56,0.9150943396226415,0.6140873015873016,0.8486957282913166,CER,WER,106,30,0.0,0.02006561017333297,0.9750543236732483,0.9667577743530273,0.9753324240446091,True
syncs_JA_to_DE_58,moss_tts_v15,JA_to_DE,ja,de,3,,43.84,0.6198347107438017,0.6190476190476191,0.6197183098591549,CER,WER,121,21,0.0,0.10836825131749113,0.971640408039093,0.9696654081344604,0.9800999959309896,True
syncs_JA_to_DE_60,moss_tts_v15,JA_to_DE,ja,de,4,,47.28,0.8507462686567164,0.8705357142857143,0.8543662891986064,CER,WER,134,30,0.0,0.011102342774393037,0.9782285690307617,0.9760874509811401,0.9749989956617355,True
syncs_JA_to_DE_61,moss_tts_v15,JA_to_DE,ja,de,3,,47.76,0.7456140350877193,0.7228835978835979,0.7416609155739591,CER,WER,114,24,0.3333333333333333,0.35085948184132576,0.9594801664352417,0.9631521701812744,0.9601688186327616,True
syncs_JA_to_DE_62,moss_tts_v15,JA_to_DE,ja,de,3,,41.6,0.8108108108108109,0.6,0.7708029197080292,CER,WER,111,26,0.0,0.04954736866056919,0.9766820669174194,0.9781003594398499,0.9531565109888712,True
syncs_JA_to_DE_64,moss_tts_v15,JA_to_DE,ja,de,4,,47.68,0.7238805970149254,0.19642857142857142,0.6327160493827161,CER,WER,134,28,0.25,0.25372066744603217,0.968816339969635,0.9732364416122437,0.9642741680145264,True
syncs_JA_to_DE_65,moss_tts_v15,JA_to_DE,ja,de,4,,40.08,0.8347107438016529,1.0133928571428572,0.8711524906015038,CER,WER,121,31,0.0,0.12288835644721985,0.9781005382537842,0.9732123017311096,0.9737109839916229,True
syncs_JA_to_DE_66,moss_tts_v15,JA_to_DE,ja,de,3,,59.76,0.6623376623376623,0.5833333333333334,0.6524621212121212,CER,WER,154,22,0.6666666666666666,0.32812991660709184,0.9785905480384827,0.977782130241394,0.963791569073995,True
syncs_JA_to_DE_68,moss_tts_v15,JA_to_DE,ja,de,4,,42.48,0.7894736842105263,0.6294642857142857,0.7552647783251232,CER,WER,114,31,0.25,0.25743729301029816,0.9722142815589905,0.967120885848999,0.9711794406175613,True
syncs_JA_to_DE_69,moss_tts_v15,JA_to_DE,ja,de,4,,43.28,0.8275862068965517,0.5158730158730158,0.7601887601887601,CER,WER,116,32,0.0,0.03971836459822953,0.9654873609542847,0.9618397355079651,0.9683291465044022,True
syncs_JA_to_DE_70,moss_tts_v15,JA_to_DE,ja,de,3,,39.28,0.8947368421052632,0.7083333333333334,0.8669154228855722,CER,WER,114,20,0.0,0.2145254503314694,0.9792150259017944,0.9704726338386536,0.9611673553784689,True
syncs_JA_to_DE_72,moss_tts_v15,JA_to_DE,ja,de,3,,40.88,0.5263157894736842,0.2962962962962963,0.4924026590693257,CER,WER,133,23,0.6666666666666666,0.6365602972606818,0.9664562940597534,0.9661076664924622,0.9633920391400655,True
syncs_JA_to_DE_73,moss_tts_v15,JA_to_DE,ja,de,3,,42.56,0.7479674796747967,0.24074074074074073,0.6594581158339547,CER,WER,123,26,0.0,0.1997524375716845,0.9757165908813477,0.9645916223526001,0.967439870039622,True
syncs_JA_to_DE_74,moss_tts_v15,JA_to_DE,ja,de,3,,49.84,0.6209677419354839,0.5185185185185185,0.6043543543543544,CER,WER,124,24,0.3333333333333333,0.6489711503187815,0.9595615863800049,0.958523154258728,0.9420815706253052,True
syncs_JA_to_DE_76,moss_tts_v15,JA_to_DE,ja,de,4,,38.96,0.956140350877193,0.36507936507936506,0.8203560703560703,CER,WER,114,34,0.5,0.7429872509092093,0.967253565788269,0.9600916504859924,0.9639350771903992,True
syncs_JA_to_DE_77,moss_tts_v15,JA_to_DE,ja,de,4,,44.88,0.94,0.5972222222222222,0.8549498746867168,CER,WER,100,33,0.25,0.4621825341018848,0.9710761904716492,0.9680900573730469,0.9605153948068619,True
syncs_JA_to_DE_78,moss_tts_v15,JA_to_DE,ja,de,4,,47.2,0.811965811965812,0.35714285714285715,0.7191448007774539,CER,WER,117,30,0.25,0.3421516865491867,0.9728701710700989,0.9632834196090698,0.9671383202075958,True
syncs_JA_to_DE_80,moss_tts_v15,JA_to_DE,ja,de,4,,47.52,0.6446280991735537,1.0,0.7114093959731543,CER,WER,121,28,0.0,0.3750264048576355,0.9787514805793762,0.9714275002479553,0.9664474278688431,True
syncs_JA_to_DE_81,moss_tts_v15,JA_to_DE,ja,de,4,,58.24,0.8411214953271028,0.40267857142857144,0.7401849948612539,CER,WER,107,32,0.5,0.5822370715904981,0.981203019618988,0.9757501482963562,0.9522634744644165,True
syncs_JA_to_DE_82,moss_tts_v15,JA_to_DE,ja,de,4,,43.28,0.8869565217391304,0.22023809523809523,0.7526868386243386,CER,WER,115,29,0.5,0.3558272610825952,0.9870657324790955,0.9794193506240845,0.9759802967309952,True
syncs_JA_to_DE_84,moss_tts_v15,JA_to_DE,ja,de,4,,44.96,0.7954545454545454,0.65625,0.765625,CER,WER,132,36,0.25,0.33401508076349273,0.9495747685432434,0.9568171501159668,0.9697125107049942,True
syncs_JA_to_DE_85,moss_tts_v15,JA_to_DE,ja,de,3,,47.84,0.7518248175182481,0.39166666666666666,0.6943762781186095,CER,WER,137,26,0.3333333333333333,0.30253342476983863,0.9715949296951294,0.9637515544891357,0.9696723818778992,True
syncs_JA_to_DE_86,moss_tts_v15,JA_to_DE,ja,de,3,,39.52,0.9021739130434783,0.8174603174603174,0.887046485260771,CER,WER,92,20,0.0,0.008159228644217364,0.9808574318885803,0.9753425121307373,0.9708250761032104,True
syncs_JA_to_DE_88,moss_tts_v15,JA_to_DE,ja,de,4,,62.88,0.4934210526315789,0.33219696969696966,0.46324542213579645,CER,WER,152,35,0.25,0.31291993998456746,0.9711381793022156,0.9666728377342224,0.9682806134223938,True
syncs_JA_to_DE_89,moss_tts_v15,JA_to_DE,ja,de,4,,47.36,0.8321678321678322,0.9285714285714286,0.8506860371267152,CER,WER,143,34,0.0,0.06911622287589125,0.9815876483917236,0.9752912521362305,0.9827574044466019,True
syncs_JA_to_DE_90,moss_tts_v15,JA_to_DE,ja,de,3,,31.12,1.02,0.9978835978835978,1.016161616161616,CER,WER,100,21,0.3333333333333333,0.35612200448910397,0.9693540334701538,0.9645847082138062,0.9656761884689331,True
syncs_JA_to_DE_92,moss_tts_v15,JA_to_DE,ja,de,3,,45.2,0.8333333333333334,0.4148148148148148,0.7580602184918731,CER,WER,114,25,0.3333333333333333,0.34286805242300034,0.9728667140007019,0.9563404321670532,0.9725538094838461,True
syncs_JA_to_DE_93,moss_tts_v15,JA_to_DE,ja,de,4,,53.36,0.5042016806722689,0.39285714285714285,0.4817833173537871,CER,WER,119,30,0.25,0.245903545524925,0.9787769317626953,0.9749875664710999,0.9610551595687866,True
syncs_JA_to_DE_94,moss_tts_v15,JA_to_DE,ja,de,4,,40.24,0.8495575221238938,0.5952380952380952,0.7934318555008211,CER,WER,113,32,0.0,0.16207414870586945,0.9780235886573792,0.9686506986618042,0.9673621952533722,True
syncs_JA_to_DE_96,moss_tts_v15,JA_to_DE,ja,de,4,,43.28,0.7605633802816901,1.1607142857142858,0.8284252297410192,CER,WER,142,29,0.0,0.15157197695225477,0.9652512669563293,0.9690539836883545,0.9681174159049988,True
syncs_JA_to_DE_97,moss_tts_v15,JA_to_DE,ja,de,4,,37.2,1.0851063829787233,0.8392857142857143,1.0271486643437862,CER,WER,94,29,0.25,0.4691450628452003,0.9792534708976746,0.9761635661125183,0.9629072844982147,True
syncs_JA_to_DE_98,moss_tts_v15,JA_to_DE,ja,de,4,,50.56,0.7559055118110236,0.7125,0.7467391304347826,CER,WER,127,34,0.0,0.0022387802018783987,0.9677062034606934,0.9681943655014038,0.9692110121250153,True
syncs_FR_to_KO_0,moss_tts_v15,FR_to_KO,fr,ko,4,,38.16,0.6976744186046512,0.39587646652864045,0.5013830676609043,WER,CER,43,80,0.25,0.12946097133681178,0.9803720116615295,0.9843354225158691,0.9762124270200729,True
syncs_FR_to_KO_1,moss_tts_v15,FR_to_KO,fr,ko,4,,42.96,0.6470588235294118,0.7994076797385621,0.7329992039550862,WER,CER,51,66,0.0,0.0033447163295932114,0.9662966728210449,0.9697813391685486,0.9805532097816467,True
syncs_FR_to_KO_2,moss_tts_v15,FR_to_KO,fr,ko,3,,34.48,0.7105263157894737,0.828548644338118,0.7823130929479276,WER,CER,38,59,0.0,0.0027569774053214737,0.9810764789581299,0.9919414520263672,0.9772518674532572,True
syncs_FR_to_KO_4,moss_tts_v15,FR_to_KO,fr,ko,4,,37.12,0.7297297297297297,0.9375,0.8656542056074766,WER,CER,37,70,0.0,0.002487977792043239,0.9718677401542664,0.9755827188491821,0.9620922207832336,True
syncs_FR_to_KO_5,moss_tts_v15,FR_to_KO,fr,ko,3,,36.64,0.875,0.7298254281949934,0.7873203081177682,WER,CER,40,61,0.0,0.0013010652813439567,0.9729066491127014,0.9745491743087769,0.9617835680643717,True
syncs_FR_to_KO_6,moss_tts_v15,FR_to_KO,fr,ko,3,,35.04,0.46,0.7200435729847494,0.597381510256094,WER,CER,50,56,0.0,0.013068746076896787,0.979412317276001,0.9806538820266724,0.9564856092135111,True
syncs_FR_to_KO_8,moss_tts_v15,FR_to_KO,fr,ko,3,,35.04,0.4523809523809524,0.7819548872180451,0.6475655157310752,WER,CER,42,61,0.0,0.004037131472917584,0.9861985445022583,0.990793764591217,0.9523929357528687,True
syncs_FR_to_KO_9,moss_tts_v15,FR_to_KO,fr,ko,4,,40.72,0.5833333333333334,0.6059873949579833,0.5970006597680395,WER,CER,48,73,0.0,0.005848355776834069,0.983367919921875,0.9837944507598877,0.9657266288995743,True
syncs_FR_to_KO_10,moss_tts_v15,FR_to_KO,fr,ko,3,,35.44,0.6078431372549019,0.600422625190427,0.6039267558875402,WER,CER,51,57,0.0,0.0002426171995466575,0.9867514967918396,0.9913249611854553,0.9582140445709229,True
syncs_FR_to_KO_12,moss_tts_v15,FR_to_KO,fr,ko,4,,43.2,0.6326530612244898,0.6420900178253119,0.6383305798298625,WER,CER,49,74,0.0,0.00307543793496734,0.9801517724990845,0.9860057234764099,0.9721193909645081,True
syncs_FR_to_KO_13,moss_tts_v15,FR_to_KO,fr,ko,4,,35.92,0.8787878787878788,0.40562659846547316,0.5450401899890391,WER,CER,33,79,0.0,0.24214439012575895,0.9839589595794678,0.9894348978996277,0.9583167135715485,True
syncs_FR_to_KO_14,moss_tts_v15,FR_to_KO,fr,ko,3,,36.8,0.75,0.8571428571428571,0.8055555555555556,WER,CER,52,56,0.0,0.004621856186228494,0.9793590307235718,0.9845388531684875,0.971073567867279,True
syncs_FR_to_KO_16,moss_tts_v15,FR_to_KO,fr,ko,4,,32.64,0.6756756756756757,0.5825702075702076,0.6184546067358567,WER,CER,37,59,0.0,0.0009914539696183056,0.9835519790649414,0.9825640916824341,0.9762773513793945,True
syncs_FR_to_KO_17,moss_tts_v15,FR_to_KO,fr,ko,3,,34.0,0.5348837209302325,0.4893719806763285,0.5076617454512619,WER,CER,43,64,0.0,0.008038291203168532,0.9905309081077576,0.9918345212936401,0.9825807015101115,True
syncs_FR_to_KO_18,moss_tts_v15,FR_to_KO,fr,ko,3,,31.52,0.38095238095238093,0.7086640211640212,0.5667682594228987,WER,CER,42,55,0.0,0.0016279688182597358,0.9794791340827942,0.9734651446342468,0.9814899563789368,True
syncs_FR_to_KO_20,moss_tts_v15,FR_to_KO,fr,ko,3,,33.84,0.5555555555555556,2.6789799253034547,1.7137870299635005,WER,CER,45,54,0.0,0.00401981380127836,0.9855824112892151,0.9913938641548157,0.97159876426061,True
syncs_FR_to_KO_21,moss_tts_v15,FR_to_KO,fr,ko,4,,37.92,0.4576271186440678,0.8805555555555555,0.6929406850459482,WER,CER,59,74,0.0,0.00229106694314396,0.9837966561317444,0.9839357733726501,0.9571342021226883,True
syncs_FR_to_KO_22,moss_tts_v15,FR_to_KO,fr,ko,3,,31.44,0.5897435897435898,0.6066416040100251,0.5999848105111263,WER,CER,39,60,0.0,0.20482821762561798,0.9863413572311401,0.9796100854873657,0.9638451536496481,True
syncs_FR_to_KO_24,moss_tts_v15,FR_to_KO,fr,ko,3,,33.84,0.41509433962264153,0.8095238095238095,0.6245259165613147,WER,CER,53,60,0.0,0.0009628406842239201,0.9861893057823181,0.9909118413925171,0.9798458019892374,True
syncs_FR_to_KO_25,moss_tts_v15,FR_to_KO,fr,ko,4,,38.08,0.7619047619047619,0.7178030303030303,0.7317298929141034,WER,CER,42,91,0.25,0.33849412252311595,0.977545976638794,0.9775980114936829,0.9728001356124878,True
syncs_FR_to_KO_26,moss_tts_v15,FR_to_KO,fr,ko,4,,34.08,0.7346938775510204,0.40189628482972134,0.540091895366532,WER,CER,49,69,0.0,0.007851781439967453,0.9739381074905396,0.9814378023147583,0.9434914737939835,True
syncs_FR_to_KO_28,moss_tts_v15,FR_to_KO,fr,ko,3,,31.12,3.5294117647058822,0.7416666666666667,2.070404984423676,WER,CER,51,56,0.0,0.006802000027770798,0.9914546012878418,0.9943835735321045,0.9691816568374634,True
syncs_FR_to_KO_29,moss_tts_v15,FR_to_KO,fr,ko,4,,40.32,0.8055555555555556,0.6146616541353384,0.673904589058854,WER,CER,36,80,0.0,0.010813817381858826,0.9918540716171265,0.9906824827194214,0.9673514366149902,True
syncs_FR_to_KO_30,moss_tts_v15,FR_to_KO,fr,ko,3,,34.0,0.6222222222222222,0.8482142857142857,0.735218253968254,WER,CER,45,45,0.0,0.003748776468758782,0.9809828996658325,0.9765921831130981,0.9783564607302347,True
syncs_FR_to_KO_32,moss_tts_v15,FR_to_KO,fr,ko,3,,33.6,1.2307692307692308,0.8262322472848789,1.0123908591537842,WER,CER,52,61,0.0,0.004518499753127496,0.9892887473106384,0.991336464881897,0.9767721891403198,True
syncs_FR_to_KO_33,moss_tts_v15,FR_to_KO,fr,ko,3,,32.88,0.7317073170731707,0.5787878787878787,0.6396587231538687,WER,CER,41,62,0.0,0.011970468680374324,0.9830811619758606,0.9836944341659546,0.97273055712382,True
syncs_FR_to_KO_34,moss_tts_v15,FR_to_KO,fr,ko,4,,41.44,0.8913043478260869,0.38847117794486213,0.5750060635459617,WER,CER,46,78,0.25,0.40023698669392616,0.9822997450828552,0.9849764704704285,0.9660547822713852,True
syncs_FR_to_KO_36,moss_tts_v15,FR_to_KO,fr,ko,4,,37.76,0.5869565217391305,0.6551214994006755,0.6308146081415199,WER,CER,46,83,0.0,0.005423614290066325,0.982922375202179,0.9899113774299622,0.9725895375013351,True
syncs_FR_to_KO_37,moss_tts_v15,FR_to_KO,fr,ko,4,,34.08,0.6818181818181818,0.6944444444444444,0.6898148148148148,WER,CER,44,76,0.0,0.007159219647292048,0.9791143536567688,0.9873945116996765,0.9405734091997147,True
syncs_FR_to_KO_38,moss_tts_v15,FR_to_KO,fr,ko,4,,30.64,0.9722222222222222,0.6406954887218045,0.745388141406147,WER,CER,36,78,0.0,0.006706726882839575,0.9763026237487793,0.9815290570259094,0.9615452438592911,True
syncs_FR_to_KO_40,moss_tts_v15,FR_to_KO,fr,ko,4,,37.68,0.5681818181818182,0.5333599149388623,0.5459186341412399,WER,CER,44,78,0.0,0.0015455708253284683,0.9660075306892395,0.9738789200782776,0.9451093971729279,True
syncs_FR_to_KO_41,moss_tts_v15,FR_to_KO,fr,ko,3,,44.16,0.4642857142857143,0.9460038986354776,0.7072763028515241,WER,CER,56,57,0.0,0.00547727679562134,0.9729011058807373,0.968916118144989,0.9618022243181864,True
syncs_FR_to_KO_42,moss_tts_v15,FR_to_KO,fr,ko,3,,35.44,0.32727272727272727,0.8267973856209151,0.5770350564468212,WER,CER,55,55,0.0,0.008900552056729794,0.9822238683700562,0.976546585559845,0.9678206046422323,True
syncs_FR_to_KO_44,moss_tts_v15,FR_to_KO,fr,ko,3,,31.28,0.4583333333333333,0.7178649237472767,0.5992219109866169,WER,CER,48,57,0.0,0.015553076130648455,0.985059380531311,0.9831616878509521,0.9704077839851379,True
syncs_FR_to_KO_45,moss_tts_v15,FR_to_KO,fr,ko,3,,26.08,0.8627450980392157,0.75,0.8018018018018018,WER,CER,51,60,0.0,0.0035793963664521775,0.9867608547210693,0.9926360249519348,0.9791038036346436,True
syncs_FR_to_KO_46,moss_tts_v15,FR_to_KO,fr,ko,4,,37.76,0.58,0.8585526315789473,0.7462330220713073,WER,CER,50,74,0.0,0.002806011587381363,0.984941840171814,0.9873963594436646,0.977101668715477,True
syncs_FR_to_KO_48,moss_tts_v15,FR_to_KO,fr,ko,4,,38.96,0.717948717948718,0.7722222222222221,0.7522536687631026,WER,CER,39,67,0.0,0.002685245039174333,0.9814395904541016,0.977180540561676,0.9502473026514053,True
syncs_FR_to_KO_49,moss_tts_v15,FR_to_KO,fr,ko,3,,31.52,0.6470588235294118,0.5875816993464053,0.6154104455237753,WER,CER,51,58,0.0,0.009721811317528287,0.9711930751800537,0.9795308113098145,0.9693732857704163,True
syncs_FR_to_KO_50,moss_tts_v15,FR_to_KO,fr,ko,4,,41.04,0.775,0.6803977272727273,0.7138852574416734,WER,CER,40,73,0.0,0.011479498352855444,0.9868912696838379,0.9877510070800781,0.9848717898130417,True
syncs_FR_to_KO_52,moss_tts_v15,FR_to_KO,fr,ko,4,,40.48,0.6153846153846154,0.9194444444444444,0.8020352035203521,WER,CER,39,62,0.0,0.01850757678039372,0.9777668118476868,0.9819624423980713,0.9436872601509094,True
syncs_FR_to_KO_53,moss_tts_v15,FR_to_KO,fr,ko,4,,33.76,0.574468085106383,1.0,0.8260869565217391,WER,CER,47,68,0.0,0.004938409801980015,0.9832584857940674,0.9834787845611572,0.9432207494974136,True
syncs_FR_to_KO_54,moss_tts_v15,FR_to_KO,fr,ko,4,,35.68,1.0,0.6052631578947368,0.7390722569134701,WER,CER,40,78,0.0,0.24094521068036556,0.9801430702209473,0.9855704307556152,0.9721198678016663,True
syncs_FR_to_KO_56,moss_tts_v15,FR_to_KO,fr,ko,4,,45.12,0.8536585365853658,0.8966450216450217,0.8827674949722194,WER,CER,41,86,0.0,0.004671181028243154,0.9813001155853271,0.9876002073287964,0.9767941385507584,True
syncs_FR_to_KO_57,moss_tts_v15,FR_to_KO,fr,ko,3,,38.8,0.66,0.7021739130434783,0.6835128895729127,WER,CER,50,63,0.0,0.006287139607593417,0.9826384782791138,0.984167754650116,0.981508731842041,True
syncs_FR_to_KO_58,moss_tts_v15,FR_to_KO,fr,ko,4,,43.68,0.8269230769230769,2.363562091503268,1.7343870619113788,WER,CER,52,75,0.0,0.00544310168697848,0.9847543239593506,0.989240825176239,0.9525138586759567,True
syncs_FR_to_KO_60,moss_tts_v15,FR_to_KO,fr,ko,3,,31.36,0.6,0.6634920634920635,0.6346320346320347,WER,CER,45,54,0.0,0.0008582526934333146,0.9767695069313049,0.9835639595985413,0.9585339029630026,True
syncs_FR_to_KO_61,moss_tts_v15,FR_to_KO,fr,ko,3,,34.72,0.6976744186046512,0.6819185645272602,0.6882503563527537,WER,CER,43,64,0.0,0.02998373533288638,0.9779796004295349,0.9886729717254639,0.9735951026280721,True
syncs_FR_to_KO_62,moss_tts_v15,FR_to_KO,fr,ko,3,,35.44,0.5681818181818182,0.9411764705882353,0.7802768166089966,WER,CER,44,58,0.0,0.0006217302482885619,0.9811283946037292,0.9856079816818237,0.9667588472366333,True
syncs_FR_to_KO_64,moss_tts_v15,FR_to_KO,fr,ko,3,,34.16,0.5238095238095238,0.8412698412698413,0.6874236874236874,WER,CER,63,67,0.0,0.0014430559385800734,0.9803381562232971,0.9861767292022705,0.9472849369049072,True
syncs_FR_to_KO_65,moss_tts_v15,FR_to_KO,fr,ko,3,,30.64,0.41509433962264153,0.7986457986457987,0.6121483002216948,WER,CER,53,56,0.0,0.01580436062067747,0.9868245720863342,0.9873892068862915,0.9512636065483093,True
syncs_FR_to_KO_66,moss_tts_v15,FR_to_KO,fr,ko,3,,36.96,0.7551020408163265,0.793859649122807,0.7759433962264151,WER,CER,49,57,0.0,0.007591051359971364,0.9860218167304993,0.9893818497657776,0.9783451557159424,True
syncs_FR_to_KO_68,moss_tts_v15,FR_to_KO,fr,ko,3,,39.36,0.6862745098039216,0.6197691197691197,0.6500528241599669,WER,CER,51,61,0.0,0.0065483445941936225,0.9860080480575562,0.9866645336151123,0.9771046241124471,True
syncs_FR_to_KO_69,moss_tts_v15,FR_to_KO,fr,ko,4,,34.16,0.43636363636363634,1.0588235294117647,0.7782063645130183,WER,CER,55,67,0.0,0.009161850139207672,0.9839909672737122,0.9810956716537476,0.9621357917785645,True
syncs_FR_to_KO_70,moss_tts_v15,FR_to_KO,fr,ko,3,,33.52,0.5849056603773585,0.6055555555555555,0.5959551656920078,WER,CER,53,61,0.0,0.003128316292228798,0.9850557446479797,0.9876728057861328,0.9820450146993002,True
syncs_FR_to_KO_72,moss_tts_v15,FR_to_KO,fr,ko,4,,43.92,0.46808510638297873,0.534375,0.5081932773109243,WER,CER,47,72,0.0,0.0022676127482554875,0.9851405024528503,0.9897699952125549,0.9580967724323273,True
syncs_FR_to_KO_73,moss_tts_v15,FR_to_KO,fr,ko,3,,33.2,0.5849056603773585,0.749129955012308,0.6721044008914909,WER,CER,53,60,0.0,0.0016324272437486798,0.9879270792007446,0.9852442741394043,0.976762592792511,True
syncs_FR_to_KO_74,moss_tts_v15,FR_to_KO,fr,ko,3,,32.24,0.6222222222222222,0.655,0.6415909090909091,WER,CER,45,65,0.0,0.0009582403096525619,0.9810404777526855,0.9814395904541016,0.9596191644668579,True
syncs_FR_to_KO_76,moss_tts_v15,FR_to_KO,fr,ko,4,,36.88,0.48,0.5537323701410389,0.5240015757293297,WER,CER,50,74,0.25,0.09034101291763363,0.9867280721664429,0.9902586936950684,0.9532956182956696,True
syncs_FR_to_KO_77,moss_tts_v15,FR_to_KO,fr,ko,4,,42.88,0.6857142857142857,0.6873359469645982,0.6868199638394987,WER,CER,35,75,0.0,0.002586052447441034,0.9870515465736389,0.981214165687561,0.9763538837432861,True
syncs_FR_to_KO_78,moss_tts_v15,FR_to_KO,fr,ko,4,,35.76,0.6808510638297872,0.7001934984520124,0.6923564775274901,WER,CER,47,69,0.0,0.005173918325453997,0.9820737242698669,0.9856983423233032,0.9462550282478333,True
syncs_FR_to_KO_80,moss_tts_v15,FR_to_KO,fr,ko,3,,30.48,0.52,0.6896825396825397,0.6139314058956915,WER,CER,50,62,0.0,0.001157023381286611,0.9792025089263916,0.975378155708313,0.9760366876920065,True
syncs_FR_to_KO_81,moss_tts_v15,FR_to_KO,fr,ko,3,,37.84,0.8125,0.693939393939394,0.7429989550679206,WER,CER,48,68,0.0,0.01651650882558897,0.9794040322303772,0.9826844334602356,0.9785663485527039,True
syncs_FR_to_KO_82,moss_tts_v15,FR_to_KO,fr,ko,4,,46.8,0.66,0.7960526315789473,0.7384032114183764,WER,CER,50,68,0.0,0.03637239208910614,0.9853272438049316,0.9801108837127686,0.972769558429718,True
syncs_FR_to_KO_84,moss_tts_v15,FR_to_KO,fr,ko,3,,27.28,0.4716981132075472,1.8698412698412699,1.1773030707610148,WER,CER,53,54,0.0,0.007243420424250265,0.9826696515083313,0.9836571216583252,0.9775203863779703,True
syncs_FR_to_KO_85,moss_tts_v15,FR_to_KO,fr,ko,4,,31.04,1.6129032258064515,0.39087301587301587,0.7321607321607321,WER,CER,31,80,0.25,0.48683836311101913,0.9755945801734924,0.9690344333648682,0.9552983045578003,True
syncs_FR_to_KO_86,moss_tts_v15,FR_to_KO,fr,ko,4,,32.32,0.8,0.20097402597402597,0.39420821114369503,WER,CER,40,84,0.25,0.23756042186869308,0.9713181257247925,0.9728875756263733,0.9701559543609619,True
syncs_FR_to_KO_88,moss_tts_v15,FR_to_KO,fr,ko,3,,39.36,0.4423076923076923,0.7412280701754386,0.6011932985617197,WER,CER,52,59,0.0,0.004000512330094352,0.9701523780822754,0.9685205221176147,0.9766829013824463,True
syncs_FR_to_KO_89,moss_tts_v15,FR_to_KO,fr,ko,4,,41.84,0.8604651162790697,0.7802287581699346,0.8099715460897002,WER,CER,43,73,0.0,0.00658807359286584,0.9834097027778625,0.9905014038085938,0.9644725322723389,True
syncs_FR_to_KO_90,moss_tts_v15,FR_to_KO,fr,ko,4,,46.48,0.7924528301886793,0.4721590909090909,0.6017435808466343,WER,CER,53,78,0.0,0.06996822172368411,0.9788448810577393,0.9684377908706665,0.9811745434999466,True
syncs_FR_to_KO_92,moss_tts_v15,FR_to_KO,fr,ko,4,,37.52,0.5957446808510638,0.8116830065359477,0.7284936515589843,WER,CER,47,75,0.0,0.005847568856552243,0.985892117023468,0.9853712320327759,0.9681795984506607,True
syncs_FR_to_KO_93,moss_tts_v15,FR_to_KO,fr,ko,4,,39.68,0.8913043478260869,0.0718954248366013,0.37343790849673203,WER,CER,46,79,1.0,0.7748789563775063,0.9825747609138489,0.9817177057266235,0.9827862679958344,True
syncs_FR_to_KO_94,moss_tts_v15,FR_to_KO,fr,ko,4,,37.68,0.6744186046511628,0.6260688485920685,0.6443060372810251,WER,CER,43,71,0.0,0.00036373146576806903,0.9886956214904785,0.9896951913833618,0.9760454595088959,True
syncs_FR_to_KO_96,moss_tts_v15,FR_to_KO,fr,ko,3,,37.52,0.47540983606557374,0.9422657952069716,0.6857053131562935,WER,CER,61,50,0.0,0.0007824974127288442,0.9850937724113464,0.9834619164466858,0.9776702125867208,True
syncs_FR_to_KO_97,moss_tts_v15,FR_to_KO,fr,ko,3,,35.2,0.8444444444444444,0.843167701863354,0.8436545952205495,WER,CER,45,73,0.0,0.021251019556075335,0.9841229319572449,0.9892391562461853,0.9673963983853658,True
syncs_FR_to_KO_98,moss_tts_v15,FR_to_KO,fr,ko,4,,35.52,0.9210526315789473,0.8896198830409356,0.9004784688995215,WER,CER,38,72,0.0,0.0034708998864516616,0.9640716910362244,0.9480333924293518,0.9180828630924225,True
syncs_KO_to_FR_0,moss_tts_v15,KO_to_FR,ko,fr,3,,41.44,0.44936708860759494,0.48138528138528136,0.45418703160638646,CER,WER,158,28,0.0,0.11168903484940529,0.9756540060043335,0.9730857610702515,0.9597285191218058,True
syncs_KO_to_FR_1,moss_tts_v15,KO_to_FR,ko,fr,4,,50.64,0.6363636363636364,0.6138888888888889,0.6316381766381767,CER,WER,154,41,0.25,0.23211677343351766,0.9870561361312866,0.9858932495117188,0.9616914987564087,True
syncs_KO_to_FR_2,moss_tts_v15,KO_to_FR,ko,fr,3,,44.48,0.5625,0.5589225589225589,0.5619939229695328,CER,WER,176,29,0.0,0.04105838186418017,0.970497727394104,0.9775478839874268,0.9368909796079,True
syncs_KO_to_FR_4,moss_tts_v15,KO_to_FR,ko,fr,3,,36.48,0.5081967213114754,0.48484848484848486,0.5034660328777976,CER,WER,122,31,0.0,0.14249596993128458,0.9731010794639587,0.9735342264175415,0.9634086887041727,True
syncs_KO_to_FR_5,moss_tts_v15,KO_to_FR,ko,fr,3,,47.52,0.5182926829268293,0.803030303030303,0.5635586635586636,CER,WER,164,31,0.0,0.028257128006468218,0.9764375686645508,0.9745129942893982,0.9570164283116659,True
syncs_KO_to_FR_6,moss_tts_v15,KO_to_FR,ko,fr,3,,39.44,0.4666666666666667,0.34545454545454546,0.443440391943386,CER,WER,135,32,0.0,0.025933308565678697,0.9709468483924866,0.979381799697876,0.9589520891507467,True
syncs_KO_to_FR_8,moss_tts_v15,KO_to_FR,ko,fr,3,,52.48,0.8032786885245902,0.5148148148148148,0.7638190076869322,CER,WER,183,29,0.3333333333333333,0.3288856147167583,0.9864341020584106,0.9864629507064819,0.9288713335990906,True
syncs_KO_to_FR_9,moss_tts_v15,KO_to_FR,ko,fr,4,,50.0,0.5182926829268293,0.6356060606060606,0.543989898989899,CER,WER,164,46,0.0,0.014433635515160859,0.9669486880302429,0.9675463438034058,0.9501395523548126,True
syncs_KO_to_FR_10,moss_tts_v15,KO_to_FR,ko,fr,3,,40.88,0.6040268456375839,0.3084045584045584,0.5544812109057919,CER,WER,149,30,0.3333333333333333,0.14921019847194353,0.976704478263855,0.9791887402534485,0.9574575424194336,True
syncs_KO_to_FR_12,moss_tts_v15,KO_to_FR,ko,fr,4,,53.44,0.7718120805369127,0.85,0.7883597883597884,CER,WER,149,40,0.0,0.011511280375998467,0.9787091016769409,0.9684474468231201,0.961003303527832,True
syncs_KO_to_FR_13,moss_tts_v15,KO_to_FR,ko,fr,4,,47.2,0.7808219178082192,0.7326388888888888,0.772383082234777,CER,WER,146,31,0.0,0.015593261854519369,0.9843407273292542,0.9835024476051331,0.9646764397621155,True
syncs_KO_to_FR_14,moss_tts_v15,KO_to_FR,ko,fr,3,,48.8,0.7222222222222222,0.6157407407407407,0.7074960598896769,CER,WER,162,26,0.0,0.05330977162217702,0.976579487323761,0.9723144769668579,0.9639597336451212,True
syncs_KO_to_FR_16,moss_tts_v15,KO_to_FR,ko,fr,4,,42.24,0.5703703703703704,0.7658730158730158,0.6097022635484174,CER,WER,135,34,0.25,0.18664281809469685,0.9807860851287842,0.9795945882797241,0.9608499705791473,True
syncs_KO_to_FR_17,moss_tts_v15,KO_to_FR,ko,fr,3,,43.28,0.5989304812834224,1.0555555555555556,0.6546687532603025,CER,WER,187,26,0.0,0.01045734363772984,0.9770726561546326,0.9783064723014832,0.9451582630475363,True
syncs_KO_to_FR_18,moss_tts_v15,KO_to_FR,ko,fr,3,,38.08,0.5454545454545454,0.6464646464646464,0.5646650554626015,CER,WER,132,31,0.0,0.17266538351153335,0.9791842699050903,0.9792765974998474,0.9523828625679016,True
syncs_KO_to_FR_20,moss_tts_v15,KO_to_FR,ko,fr,3,,56.0,0.48095238095238096,0.5773809523809523,0.49193791440626883,CER,WER,210,27,0.0,0.012041846416347349,0.9799376130104065,0.9824590086936951,0.9326340953509012,True
syncs_KO_to_FR_21,moss_tts_v15,KO_to_FR,ko,fr,4,,48.56,0.7515527950310559,0.45437062937062933,0.6877673545966229,CER,WER,161,44,0.0,0.05542580410838127,0.9783809185028076,0.9812150001525879,0.9646479338407516,True
syncs_KO_to_FR_22,moss_tts_v15,KO_to_FR,ko,fr,3,,34.48,0.5230769230769231,0.7003367003367004,0.5572076876424703,CER,WER,130,31,0.0,0.34448873437941074,0.9826344847679138,0.9814586639404297,0.9635070164998373,True
syncs_KO_to_FR_24,moss_tts_v15,KO_to_FR,ko,fr,3,,36.08,0.38461538461538464,0.4444444444444444,0.3977777777777778,CER,WER,117,33,0.0,0.030769677832722664,0.9837589263916016,0.9822203516960144,0.9726537068684896,True
syncs_KO_to_FR_25,moss_tts_v15,KO_to_FR,ko,fr,4,,50.88,0.7533333333333333,0.7095959595959596,0.7437657828282829,CER,WER,150,42,0.0,0.010916770857875235,0.9810562133789062,0.9757571220397949,0.9458049982786179,True
syncs_KO_to_FR_26,moss_tts_v15,KO_to_FR,ko,fr,4,,45.44,0.6162790697674418,0.64375,0.62135663507109,CER,WER,172,39,0.0,0.056858543772250414,0.9704656600952148,0.9728966951370239,0.9357927441596985,True
syncs_KO_to_FR_28,moss_tts_v15,KO_to_FR,ko,fr,3,,43.6,0.5703703703703704,0.491005291005291,0.5547808012093727,CER,WER,135,33,0.0,0.02290341941018899,0.9825404286384583,0.9732850790023804,0.9499563376108805,True
syncs_KO_to_FR_29,moss_tts_v15,KO_to_FR,ko,fr,4,,61.44,0.7202380952380952,0.4967171717171717,0.6772533022533023,CER,WER,168,40,0.0,0.3221342902397737,0.9784019589424133,0.9793316721916199,0.922116607427597,True
syncs_KO_to_FR_30,moss_tts_v15,KO_to_FR,ko,fr,3,,40.0,0.5297619047619048,0.6401515151515151,0.546958276229633,CER,WER,168,31,0.0,0.01552458138515552,0.9658625721931458,0.9729402661323547,0.9396672050158182,True
syncs_KO_to_FR_32,moss_tts_v15,KO_to_FR,ko,fr,4,,48.56,0.6526946107784432,0.5451388888888888,0.6340587183718372,CER,WER,167,35,0.0,0.010353160483646207,0.9721296429634094,0.9731858968734741,0.9254627227783203,True
syncs_KO_to_FR_33,moss_tts_v15,KO_to_FR,ko,fr,3,,42.16,0.5897435897435898,0.4666666666666667,0.5733333333333334,CER,WER,156,24,0.0,0.2660732664905178,0.9723886251449585,0.9782118797302246,0.9350218375523885,True
syncs_KO_to_FR_34,moss_tts_v15,KO_to_FR,ko,fr,4,,40.16,0.71875,0.7395833333333333,0.7231224279835391,CER,WER,128,34,0.0,0.04772988776676357,0.97257399559021,0.9755452871322632,0.960548460483551,True
syncs_KO_to_FR_36,moss_tts_v15,KO_to_FR,ko,fr,4,,52.4,0.5911949685534591,0.569949494949495,0.5868396464646465,CER,WER,159,41,0.0,0.019309169671032578,0.9788153171539307,0.980351984500885,0.957051232457161,True
syncs_KO_to_FR_37,moss_tts_v15,KO_to_FR,ko,fr,4,,47.2,0.5,0.45346320346320346,0.48900889730035463,CER,WER,152,47,0.25,0.1403345474973321,0.9829912185668945,0.9819966554641724,0.9660375118255615,True
syncs_KO_to_FR_38,moss_tts_v15,KO_to_FR,ko,fr,4,,47.44,0.6453900709219859,0.6156565656565657,0.6385659877463157,CER,WER,141,42,0.0,0.03502761590061709,0.9799551367759705,0.9744402170181274,0.9562983363866806,True
syncs_KO_to_FR_40,moss_tts_v15,KO_to_FR,ko,fr,4,,39.2,0.5407407407407407,0.55,0.5427745664739885,CER,WER,135,38,0.0,0.00947693324269494,0.9785547256469727,0.9812638163566589,0.9547846913337708,True
syncs_KO_to_FR_41,moss_tts_v15,KO_to_FR,ko,fr,3,,42.8,0.5286624203821656,0.4861111111111111,0.5220280764635604,CER,WER,157,29,0.0,0.03449623084937533,0.9804543852806091,0.9796834588050842,0.9505344033241272,True
syncs_KO_to_FR_42,moss_tts_v15,KO_to_FR,ko,fr,3,,39.92,0.5153846153846153,0.494047619047619,0.5119431643625192,CER,WER,130,25,0.0,0.16219144531836113,0.9887834191322327,0.987312912940979,0.9659666021664938,True
syncs_KO_to_FR_44,moss_tts_v15,KO_to_FR,ko,fr,3,,35.44,0.6214285714285714,0.24621212121212122,0.5607648339684267,CER,WER,140,27,0.0,0.12346705794334412,0.9784435033798218,0.9755786061286926,0.9630909164746603,True
syncs_KO_to_FR_45,moss_tts_v15,KO_to_FR,ko,fr,3,,44.32,0.5342465753424658,0.662962962962963,0.5555767195767196,CER,WER,146,29,0.0,0.09951071285953124,0.973041296005249,0.9700638055801392,0.9309232234954834,True
syncs_KO_to_FR_46,moss_tts_v15,KO_to_FR,ko,fr,3,,52.24,0.6444444444444445,0.5055555555555555,0.6246031746031747,CER,WER,180,30,0.0,0.1261615011220177,0.982445240020752,0.9814300537109375,0.9608252048492432,True
syncs_KO_to_FR_48,moss_tts_v15,KO_to_FR,ko,fr,4,,46.08,0.5035971223021583,0.5476190476190476,0.5126530612244897,CER,WER,139,36,0.0,0.0046506323142239125,0.9829044938087463,0.9826091527938843,0.9363538473844528,True
syncs_KO_to_FR_49,moss_tts_v15,KO_to_FR,ko,fr,3,,42.8,0.45751633986928103,0.49158249158249157,0.462944462944463,CER,WER,153,29,0.0,0.0009853494654331978,0.9799534678459167,0.9718441963195801,0.9480162858963013,True
syncs_KO_to_FR_50,moss_tts_v15,KO_to_FR,ko,fr,4,,47.36,0.7687074829931972,0.6515151515151515,0.7407756319673418,CER,WER,147,46,0.0,0.05111608421429992,0.9702444076538086,0.9706472158432007,0.9598997682332993,True
syncs_KO_to_FR_52,moss_tts_v15,KO_to_FR,ko,fr,4,,46.72,0.7077922077922078,0.4125,0.6518421052631579,CER,WER,154,36,0.0,0.01565040181594668,0.9834304451942444,0.9808530211448669,0.9636365324258804,True
syncs_KO_to_FR_53,moss_tts_v15,KO_to_FR,ko,fr,4,,53.04,0.5054347826086957,0.2738927738927739,0.4632426832426832,CER,WER,184,41,0.0,0.13563424884341657,0.9815812706947327,0.9797850847244263,0.9619103670120239,True
syncs_KO_to_FR_54,moss_tts_v15,KO_to_FR,ko,fr,4,,43.36,0.6164383561643836,0.4701388888888889,0.5881484039287906,CER,WER,146,35,0.0,0.012898238754132763,0.9786016941070557,0.9775972366333008,0.9634485393762589,True
syncs_KO_to_FR_56,moss_tts_v15,KO_to_FR,ko,fr,4,,44.0,0.4868421052631579,0.735290404040404,0.5365317650186071,CER,WER,152,38,0.0,0.11744447355158627,0.9824644327163696,0.9784674048423767,0.9517601132392883,True
syncs_KO_to_FR_57,moss_tts_v15,KO_to_FR,ko,fr,3,,41.76,0.47794117647058826,0.6060606060606061,0.5004591368227732,CER,WER,136,29,0.0,0.03933301877502041,0.975299060344696,0.9662346243858337,0.9642328023910522,True
syncs_KO_to_FR_58,moss_tts_v15,KO_to_FR,ko,fr,4,,47.12,0.6623376623376623,0.975,0.7280769230769231,CER,WER,154,41,0.0,0.00408630732272286,0.9727109670639038,0.9735841155052185,0.949542835354805,True
syncs_KO_to_FR_60,moss_tts_v15,KO_to_FR,ko,fr,3,,48.32,0.6134969325153374,0.9952380952380953,0.6677443609022556,CER,WER,163,27,0.0,0.053922691848129034,0.9619448184967041,0.9680798053741455,0.9433757662773132,True
syncs_KO_to_FR_61,moss_tts_v15,KO_to_FR,ko,fr,3,,41.92,0.5256410256410257,0.7777777777777778,0.5674390968508616,CER,WER,156,31,0.0,0.007047499978095099,0.9684292674064636,0.9715336561203003,0.9673942923545837,True
syncs_KO_to_FR_62,moss_tts_v15,KO_to_FR,ko,fr,4,,55.44,0.6648648648648648,0.5841269841269842,0.6523302167137783,CER,WER,185,34,0.0,0.030139443726511672,0.9773176312446594,0.9766054153442383,0.9495775699615479,True
syncs_KO_to_FR_64,moss_tts_v15,KO_to_FR,ko,fr,3,,38.24,0.5347222222222222,0.5,0.5280898876404494,CER,WER,144,34,0.0,0.015814639647336055,0.9792618751525879,0.9800707101821899,0.9594153165817261,True
syncs_KO_to_FR_65,moss_tts_v15,KO_to_FR,ko,fr,3,,41.12,0.6496815286624203,0.6296296296296297,0.6466466466466466,CER,WER,157,28,0.0,0.05047440202906728,0.9714934229850769,0.9720783233642578,0.9535646041234335,True
syncs_KO_to_FR_66,moss_tts_v15,KO_to_FR,ko,fr,3,,48.8,0.7261146496815286,0.9629629629629629,0.7619619619619618,CER,WER,157,28,0.0,0.0011441688038758002,0.9615203738212585,0.9669198393821716,0.936178723971049,True
syncs_KO_to_FR_68,moss_tts_v15,KO_to_FR,ko,fr,3,,51.76,0.5384615384615384,0.494949494949495,0.5309962368785899,CER,WER,169,35,0.0,0.13458789512515068,0.982336699962616,0.9829672574996948,0.9583794474601746,True
syncs_KO_to_FR_69,moss_tts_v15,KO_to_FR,ko,fr,4,,44.08,0.6714285714285714,0.6085858585858586,0.6580127113834978,CER,WER,140,38,0.0,0.020897910348139703,0.9720867872238159,0.9734066128730774,0.9504312872886658,True
syncs_KO_to_FR_70,moss_tts_v15,KO_to_FR,ko,fr,3,,33.68,0.56,0.9259259259259259,0.6289081289081289,CER,WER,125,29,0.0,0.009137426192561785,0.9825836420059204,0.9785013794898987,0.9738784829775492,True
syncs_KO_to_FR_72,moss_tts_v15,KO_to_FR,ko,fr,4,,54.24,0.6223404255319149,0.42938311688311687,0.5884882661198451,CER,WER,188,40,0.25,0.2730639991350472,0.9819016456604004,0.9807529449462891,0.9609124958515167,True
syncs_KO_to_FR_73,moss_tts_v15,KO_to_FR,ko,fr,3,,39.12,0.46308724832214765,0.5376623376623376,0.47488443759630194,CER,WER,149,28,0.0,0.01616487349383533,0.9796001315116882,0.9766085147857666,0.9639047582944235,True
syncs_KO_to_FR_74,moss_tts_v15,KO_to_FR,ko,fr,3,,51.12,0.6309523809523809,0.4642857142857143,0.6078754578754579,CER,WER,168,27,0.3333333333333333,0.01092147691330562,0.9812608957290649,0.9837958812713623,0.9457370042800903,True
syncs_KO_to_FR_76,moss_tts_v15,KO_to_FR,ko,fr,4,,50.24,0.6217948717948718,0.9772727272727273,0.7054367201426025,CER,WER,156,48,0.0,0.002197005887865089,0.9773397445678711,0.975567102432251,0.9653287082910538,True
syncs_KO_to_FR_77,moss_tts_v15,KO_to_FR,ko,fr,4,,40.64,0.4689655172413793,0.3273809523809524,0.44207235967012504,CER,WER,145,34,0.25,0.2383234603330493,0.9661334753036499,0.9679201245307922,0.9507065564393997,True
syncs_KO_to_FR_78,moss_tts_v15,KO_to_FR,ko,fr,4,,52.08,0.5602836879432624,0.4797979797979798,0.5414745278875713,CER,WER,141,43,0.25,0.20523950448841788,0.9764225482940674,0.9822474122047424,0.9027321189641953,True
syncs_KO_to_FR_80,moss_tts_v15,KO_to_FR,ko,fr,3,,42.88,0.7310344827586207,0.5833333333333334,0.7064176245210728,CER,WER,145,29,0.0,0.03357994835823774,0.9783079028129578,0.9820658564567566,0.9637615084648132,True
syncs_KO_to_FR_81,moss_tts_v15,KO_to_FR,ko,fr,3,,42.96,0.5225806451612903,0.4898989898989899,0.5175801733178782,CER,WER,155,28,0.0,0.008243410751068344,0.9784661531448364,0.9796323776245117,0.9557520747184753,True
syncs_KO_to_FR_82,moss_tts_v15,KO_to_FR,ko,fr,4,,42.4,0.7555555555555555,0.5118686868686868,0.7009360849878091,CER,WER,135,39,0.25,0.2604402471333742,0.9839181900024414,0.9838576912879944,0.9627697020769119,True
syncs_KO_to_FR_84,moss_tts_v15,KO_to_FR,ko,fr,3,,39.36,0.5220588235294118,0.5430976430976431,0.5258610198369235,CER,WER,136,30,0.0,0.006980551096300284,0.9827380180358887,0.9819644689559937,0.9587444067001343,True
syncs_KO_to_FR_85,moss_tts_v15,KO_to_FR,ko,fr,4,,47.2,0.6274509803921569,0.43686868686868685,0.5871732791835885,CER,WER,153,41,0.25,0.2530216086888686,0.9723399877548218,0.9751611351966858,0.9591615051031113,True
syncs_KO_to_FR_86,moss_tts_v15,KO_to_FR,ko,fr,4,,46.72,0.6887417218543046,0.5361111111111111,0.6567771960442117,CER,WER,151,40,0.0,0.1018837351584807,0.9724311828613281,0.9663199186325073,0.9593260735273361,True
syncs_KO_to_FR_88,moss_tts_v15,KO_to_FR,ko,fr,3,,44.32,0.6744186046511628,0.7333333333333334,0.6831683168316832,CER,WER,172,30,0.0,0.036817836264769234,0.9825119972229004,0.984380841255188,0.9572209119796753,True
syncs_KO_to_FR_89,moss_tts_v15,KO_to_FR,ko,fr,4,,40.88,0.680327868852459,0.5944264069264069,0.661177861416715,CER,WER,122,35,0.0,0.01059718825854361,0.979745090007782,0.977645218372345,0.9562518745660782,True
syncs_KO_to_FR_90,moss_tts_v15,KO_to_FR,ko,fr,4,,46.4,0.738562091503268,0.8363636363636364,0.7580199904807234,CER,WER,153,38,0.0,0.008814790999167599,0.9713274240493774,0.9769599437713623,0.9556123912334442,True
syncs_KO_to_FR_92,moss_tts_v15,KO_to_FR,ko,fr,4,,46.48,0.6121212121212121,0.46319444444444446,0.5836499183006535,CER,WER,165,39,0.0,0.009116155444644392,0.9824934601783752,0.9790204167366028,0.9651782214641571,True
syncs_KO_to_FR_93,moss_tts_v15,KO_to_FR,ko,fr,4,,48.64,0.6309523809523809,0.3298611111111111,0.5766090785907859,CER,WER,168,37,0.0,0.00041112996223091614,0.9784488677978516,0.9807103872299194,0.9564401507377625,True
syncs_KO_to_FR_94,moss_tts_v15,KO_to_FR,ko,fr,4,,48.64,0.5977011494252874,0.4722222222222222,0.5756977356503423,CER,WER,174,37,0.0,0.01523229724898556,0.9842343926429749,0.9831940531730652,0.9555448293685913,True
syncs_KO_to_FR_96,moss_tts_v15,KO_to_FR,ko,fr,3,,51.12,0.4878048780487805,0.42857142857142855,0.47738693467336685,CER,WER,164,35,0.0,0.07151260475317638,0.9846834540367126,0.9872081875801086,0.9516475995381674,True
syncs_KO_to_FR_97,moss_tts_v15,KO_to_FR,ko,fr,4,,44.24,0.6086956521739131,0.6848214285714286,0.6233865914786968,CER,WER,138,33,0.0,0.01589971617795527,0.9714913368225098,0.9656846523284912,0.9448589533567429,True
syncs_KO_to_FR_98,moss_tts_v15,KO_to_FR,ko,fr,4,,43.36,0.6802721088435374,0.7222222222222222,0.6885245901639344,CER,WER,147,36,0.0,0.005857713375007734,0.9818722605705261,0.981041669845581,0.9609502553939819,True
syncs_FR_to_JA_0,moss_tts_v15,FR_to_JA,fr,ja,3,,32.88,0.5178571428571429,1.2700643010240533,0.868887150001701,WER,CER,56,49,0.0,0.014190181468923887,0.9860712289810181,0.9887855648994446,0.9522892832756042,True
syncs_FR_to_JA_1,moss_tts_v15,FR_to_JA,fr,ja,4,,36.88,0.5862068965517241,0.9464912280701755,0.7752085130859938,WER,CER,58,64,0.0,0.05984857529983856,0.9878474473953247,0.9824991226196289,0.9571868479251862,True
syncs_FR_to_JA_2,moss_tts_v15,FR_to_JA,fr,ja,4,,33.04,0.6585365853658537,1.2297619047619048,0.9832330827067669,WER,CER,41,54,0.0,0.005102749913930893,0.9888272285461426,0.9909330010414124,0.9757743328809738,True
syncs_FR_to_JA_4,moss_tts_v15,FR_to_JA,fr,ja,3,,38.8,0.5192307692307693,1.3618736383442265,0.9322909991883463,WER,CER,52,50,0.0,0.011358782338599363,0.9801897406578064,0.9825935959815979,0.9550989866256714,True
syncs_FR_to_JA_5,moss_tts_v15,FR_to_JA,fr,ja,4,,31.12,0.7,0.7860667293233082,0.7495977762202115,WER,CER,50,68,0.0,0.002327605638129171,0.9841405153274536,0.9815762639045715,0.9726420044898987,True
syncs_FR_to_JA_6,moss_tts_v15,FR_to_JA,fr,ja,4,,37.92,0.6326530612244898,1.3611721611721612,1.0211965811965813,WER,CER,49,56,0.0,0.023823958676075563,0.9875296354293823,0.9867792129516602,0.9709324091672897,True
syncs_FR_to_JA_8,moss_tts_v15,FR_to_JA,fr,ja,4,,39.52,0.7647058823529411,0.7147556390977443,0.7337665525754685,WER,CER,51,83,0.0,0.04808314028196037,0.9817265272140503,0.9907373189926147,0.9659581929445267,True
syncs_FR_to_JA_9,moss_tts_v15,FR_to_JA,fr,ja,3,,39.52,0.5074626865671642,0.9583333333333334,0.6837121212121213,WER,CER,67,43,0.0,0.0013562340366964538,0.9837102890014648,0.9767725467681885,0.9678637584050497,True
syncs_FR_to_JA_10,moss_tts_v15,FR_to_JA,fr,ja,4,,43.92,0.6363636363636364,1.698611111111111,1.2197290528233151,WER,CER,55,67,0.0,0.026156054285820574,0.9793791174888611,0.9899559020996094,0.9630955457687378,True
syncs_FR_to_JA_12,moss_tts_v15,FR_to_JA,fr,ja,3,,32.0,0.3793103448275862,1.0,0.6538461538461539,WER,CER,58,46,0.0,0.025420818865920108,0.9887708425521851,0.9873287081718445,0.974483331044515,True
syncs_FR_to_JA_13,moss_tts_v15,FR_to_JA,fr,ja,3,,41.2,0.48214285714285715,0.8968253968253969,0.677747828691225,WER,CER,56,50,0.0,0.02432113482306401,0.9915787577629089,0.9869666695594788,0.9698818723360697,True
syncs_FR_to_JA_14,moss_tts_v15,FR_to_JA,fr,ja,3,,28.88,0.6078431372549019,0.5997629821159233,0.6041007496115856,WER,CER,51,44,0.0,0.02209733985364437,0.9723055958747864,0.976132869720459,0.9783125321070353,True
syncs_FR_to_JA_16,moss_tts_v15,FR_to_JA,fr,ja,3,,40.88,0.4642857142857143,1.1433239962651727,0.7976317799847211,WER,CER,56,54,0.0,0.06588400931408007,0.9816626906394958,0.9898616075515747,0.9671521385510763,True
syncs_FR_to_JA_17,moss_tts_v15,FR_to_JA,fr,ja,3,,41.92,0.7368421052631579,1.043939393939394,0.872326203208556,WER,CER,57,45,0.0,0.0024042566074058414,0.9751611351966858,0.9768286347389221,0.9659909804662069,True
syncs_FR_to_JA_18,moss_tts_v15,FR_to_JA,fr,ja,4,,46.24,0.5573770491803278,1.0892911010558068,0.8211360831681687,WER,CER,61,60,0.0,0.014238551491871476,0.9809909462928772,0.9747061729431152,0.9613112360239029,True
syncs_FR_to_JA_20,moss_tts_v15,FR_to_JA,fr,ja,3,,27.44,0.4909090909090909,1.1978021978021978,0.7928113553113553,WER,CER,55,41,0.0,0.0051015259814448655,0.9864009618759155,0.9795317053794861,0.9792306025822958,True
syncs_FR_to_JA_21,moss_tts_v15,FR_to_JA,fr,ja,3,,35.6,0.43137254901960786,2.416884531590414,1.461591030542196,WER,CER,51,55,0.0,0.020588636863976717,0.981153666973114,0.9837461709976196,0.941000759601593,True
syncs_FR_to_JA_22,moss_tts_v15,FR_to_JA,fr,ja,4,,32.64,0.7142857142857143,1.0200892857142858,0.8813450727513228,WER,CER,49,59,0.0,0.020930870436131954,0.9870787262916565,0.9845440983772278,0.9771986901760101,True
syncs_FR_to_JA_24,moss_tts_v15,FR_to_JA,fr,ja,3,,33.44,0.43636363636363634,0.8361013986013986,0.6046742730953257,WER,CER,55,40,0.0,0.00834051015165945,0.9806039333343506,0.9812208414077759,0.9548812309900919,True
syncs_FR_to_JA_25,moss_tts_v15,FR_to_JA,fr,ja,4,,35.2,0.5636363636363636,0.9333333333333333,0.7484848484848484,WER,CER,55,55,0.0,0.049622942897258326,0.986450731754303,0.9883261322975159,0.957596093416214,True
syncs_FR_to_JA_26,moss_tts_v15,FR_to_JA,fr,ja,4,,39.68,0.6140350877192983,1.3555395842547546,1.0090989588242545,WER,CER,57,65,0.0,0.004797330067958683,0.981835663318634,0.9808993935585022,0.9694434553384781,True
syncs_FR_to_JA_28,moss_tts_v15,FR_to_JA,fr,ja,3,,44.4,0.509090909090909,1.0,0.7272727272727273,WER,CER,55,44,0.0,0.02115268326209237,0.9715070724487305,0.9726206660270691,0.958688755830129,True
syncs_FR_to_JA_29,moss_tts_v15,FR_to_JA,fr,ja,3,,34.32,0.6229508196721312,0.8511904761904762,0.71859410430839,WER,CER,61,44,0.0,0.021725436051686604,0.9734792709350586,0.9705272912979126,0.9763327836990356,True
syncs_FR_to_JA_30,moss_tts_v15,FR_to_JA,fr,ja,3,,36.88,0.6181818181818182,1.3333333333333333,0.9278350515463918,WER,CER,55,42,0.0,0.020189457184945542,0.9732552170753479,0.9773166179656982,0.9640602668126425,True
syncs_FR_to_JA_32,moss_tts_v15,FR_to_JA,fr,ja,4,,45.84,0.6,0.9051470588235294,0.7697995730550284,WER,CER,55,69,0.0,0.015531521523371339,0.9745821952819824,0.9724869728088379,0.9731683731079102,True
syncs_FR_to_JA_33,moss_tts_v15,FR_to_JA,fr,ja,4,,49.12,0.7272727272727273,0.9961111111111112,0.8805946180555556,WER,CER,55,73,0.0,0.03684057452483103,0.9751330614089966,0.9786651730537415,0.9702151268720627,True
syncs_FR_to_JA_34,moss_tts_v15,FR_to_JA,fr,ja,4,,28.96,0.6739130434782609,0.8820156695156696,0.8001975430394234,WER,CER,46,71,0.0,0.06812728743534535,0.9901738166809082,0.9921503663063049,0.9692739099264145,True
syncs_FR_to_JA_36,moss_tts_v15,FR_to_JA,fr,ja,3,,30.32,0.38596491228070173,0.9502262443438914,0.6285972850678733,WER,CER,57,43,0.0,0.006890627400328715,0.9797272682189941,0.9879704713821411,0.9646361668904623,True
syncs_FR_to_JA_37,moss_tts_v15,FR_to_JA,fr,ja,3,,33.04,0.39215686274509803,1.0,0.6770833333333334,WER,CER,51,45,0.0,0.008519308331112066,0.9828788042068481,0.9904118776321411,0.946850597858429,True
syncs_FR_to_JA_38,moss_tts_v15,FR_to_JA,fr,ja,4,,32.32,0.7647058823529411,1.2650560224089635,1.0672431763403036,WER,CER,51,78,0.0,0.015421016491018236,0.978061318397522,0.9827039241790771,0.9696755558252335,True
syncs_FR_to_JA_40,moss_tts_v15,FR_to_JA,fr,ja,4,,38.08,0.22641509433962265,0.5576236263736264,0.4062955901856764,WER,CER,53,63,0.0,0.038476862537208945,0.9811046719551086,0.9860888123512268,0.9452105909585953,True
syncs_FR_to_JA_41,moss_tts_v15,FR_to_JA,fr,ja,4,,40.96,0.7317073170731707,0.8543154761904762,0.8081968108344255,WER,CER,41,68,0.0,0.13265033077914268,0.9784433245658875,0.9819746017456055,0.9595436155796051,True
syncs_FR_to_JA_42,moss_tts_v15,FR_to_JA,fr,ja,3,,34.48,0.49056603773584906,0.8920454545454546,0.6968306922435362,WER,CER,53,56,0.0,0.008885411700854698,0.9746785163879395,0.9769690632820129,0.9775322278340658,True
syncs_FR_to_JA_44,moss_tts_v15,FR_to_JA,fr,ja,3,,35.36,0.4915254237288136,0.8928571428571429,0.6673469387755103,WER,CER,59,46,0.0,0.01940154730497549,0.9856710433959961,0.9881883859634399,0.9743349353472391,True
syncs_FR_to_JA_45,moss_tts_v15,FR_to_JA,fr,ja,3,,29.6,0.5471698113207547,0.9758771929824561,0.7594820384294069,WER,CER,53,52,0.0,0.02193768136203289,0.9840068817138672,0.9876793026924133,0.9596645633379618,True
syncs_FR_to_JA_46,moss_tts_v15,FR_to_JA,fr,ja,3,,35.28,0.423728813559322,1.2520074696545285,0.7865937486105553,WER,CER,59,46,0.0,0.005363446194678545,0.9913727045059204,0.9935079216957092,0.9617786407470703,True
syncs_FR_to_JA_48,moss_tts_v15,FR_to_JA,fr,ja,4,,40.0,0.5925925925925926,0.7923976608187134,0.7060818713450292,WER,CER,54,71,0.0,0.007356695539783686,0.9920800924301147,0.9902095794677734,0.9685487449169159,True
syncs_FR_to_JA_49,moss_tts_v15,FR_to_JA,fr,ja,3,,37.04,0.4915254237288136,1.0896464646464645,0.7295531849103278,WER,CER,59,39,0.0,0.003485153487417847,0.9842334985733032,0.9858683347702026,0.974170466264089,True
syncs_FR_to_JA_50,moss_tts_v15,FR_to_JA,fr,ja,4,,39.36,0.7547169811320755,0.36459627329192545,0.5286946662723061,WER,CER,53,73,0.5,0.422193298349157,0.975855827331543,0.9871751070022583,0.9689383059740067,True
syncs_FR_to_JA_52,moss_tts_v15,FR_to_JA,fr,ja,3,,38.32,0.5,1.1859649122807017,0.8587155963302752,WER,CER,52,57,0.0,0.033366684491435684,0.9834853410720825,0.984634518623352,0.9712660908699036,True
syncs_FR_to_JA_53,moss_tts_v15,FR_to_JA,fr,ja,4,,28.72,0.4666666666666667,0.9219298245614035,0.7468286099865047,WER,CER,45,72,0.0,0.11738565226551145,0.9753332734107971,0.9803611636161804,0.9673738181591034,True
syncs_FR_to_JA_54,moss_tts_v15,FR_to_JA,fr,ja,3,,27.6,0.3870967741935484,1.3888888888888888,0.7739273927392738,WER,CER,62,39,0.0,0.011384754752119383,0.9829688668251038,0.9850745797157288,0.9607370297114054,True
syncs_FR_to_JA_56,moss_tts_v15,FR_to_JA,fr,ja,3,,40.48,0.576271186440678,1.0,0.7572815533980582,WER,CER,59,44,0.0,0.010876091662794352,0.987912654876709,0.9852827787399292,0.9814975460370382,True
syncs_FR_to_JA_57,moss_tts_v15,FR_to_JA,fr,ja,4,,42.32,0.5789473684210527,1.3845238095238095,0.9953894269572235,WER,CER,57,61,0.0,0.05620353005360812,0.98542320728302,0.9836412668228149,0.9650231003761292,True
syncs_FR_to_JA_58,moss_tts_v15,FR_to_JA,fr,ja,4,,34.72,0.4,0.9384999191984487,0.6937272286536993,WER,CER,50,60,0.0,0.011474780418211594,0.9840935468673706,0.9838690757751465,0.9747696965932846,True
syncs_FR_to_JA_60,moss_tts_v15,FR_to_JA,fr,ja,4,,36.72,0.8333333333333334,1.000412087912088,0.9261548636548638,WER,CER,48,60,0.0,0.015608931600581855,0.9749162793159485,0.976858377456665,0.9573460668325424,True
syncs_FR_to_JA_61,moss_tts_v15,FR_to_JA,fr,ja,3,,37.44,0.5079365079365079,0.9553571428571429,0.6967562254259503,WER,CER,63,46,0.0,0.019449846198161442,0.9771860241889954,0.9763263463973999,0.966512938340505,True
syncs_FR_to_JA_62,moss_tts_v15,FR_to_JA,fr,ja,4,,40.64,0.5098039215686274,1.2306526806526807,0.8805261405261406,WER,CER,51,54,0.0,0.0013093142479192466,0.9775123596191406,0.9714592099189758,0.972090020775795,True
syncs_FR_to_JA_64,moss_tts_v15,FR_to_JA,fr,ja,3,,39.68,0.5362318840579711,1.3047619047619048,0.8395989974937345,WER,CER,69,45,0.0,0.005405433010309935,0.9880837798118591,0.9897403120994568,0.9739875197410583,True
syncs_FR_to_JA_65,moss_tts_v15,FR_to_JA,fr,ja,4,,37.52,0.6744186046511628,1.0211195054945055,0.872038118131868,WER,CER,43,57,0.0,0.006632992532104254,0.9882575869560242,0.9814399480819702,0.9719178825616837,True
syncs_FR_to_JA_66,moss_tts_v15,FR_to_JA,fr,ja,3,,34.8,0.64,1.2202380952380951,0.9358076563958917,WER,CER,50,52,0.0,0.005981792695820332,0.98485267162323,0.9872965812683105,0.971808393796285,True
syncs_FR_to_JA_68,moss_tts_v15,FR_to_JA,fr,ja,4,,37.84,0.5681818181818182,2.008071649712517,1.4801120448179275,WER,CER,44,76,0.0,0.043738540523918346,0.9865618944168091,0.9838786125183105,0.9694070219993591,True
syncs_FR_to_JA_69,moss_tts_v15,FR_to_JA,fr,ja,4,,42.24,0.6382978723404256,0.8372549019607843,0.7530118353647767,WER,CER,47,64,0.0,0.010475273200427182,0.9703479409217834,0.9666879773139954,0.9653811007738113,True
syncs_FR_to_JA_70,moss_tts_v15,FR_to_JA,fr,ja,3,,34.8,0.41818181818181815,1.2343434343434343,0.7516672097317257,WER,CER,55,38,0.0,0.015769881060502183,0.9749980568885803,0.9715532064437866,0.9785004059473673,True
syncs_FR_to_JA_72,moss_tts_v15,FR_to_JA,fr,ja,4,,39.52,0.6346153846153846,0.9654761904761905,0.8104783354783355,WER,CER,52,59,0.0,0.01672488887561485,0.9781190156936646,0.9844425320625305,0.9496999830007553,True
syncs_FR_to_JA_73,moss_tts_v15,FR_to_JA,fr,ja,3,,34.16,0.6666666666666666,0.9074074074074074,0.7747543461829176,WER,CER,54,44,0.0,0.005689441536863645,0.986564576625824,0.9884940385818481,0.9707573453585306,True
syncs_FR_to_JA_74,moss_tts_v15,FR_to_JA,fr,ja,4,,31.36,0.5098039215686274,0.8475840336134454,0.6951346025135717,WER,CER,51,62,0.0,0.07274719001725316,0.98015958070755,0.975696325302124,0.9714545756578445,True
syncs_FR_to_JA_76,moss_tts_v15,FR_to_JA,fr,ja,3,,46.48,0.5915492957746479,0.9421296296296297,0.7329598506069095,WER,CER,71,48,0.0,0.02692618709988892,0.9763794541358948,0.9766845703125,0.9841412901878357,True
syncs_FR_to_JA_77,moss_tts_v15,FR_to_JA,fr,ja,4,,53.84,0.74,1.234406081273089,1.0366436487638535,WER,CER,50,75,0.0,0.002696803638173151,0.9796690940856934,0.9805570840835571,0.9804944097995758,True
syncs_FR_to_JA_78,moss_tts_v15,FR_to_JA,fr,ja,4,,41.68,0.64,1.00968720821662,0.851701221799261,WER,CER,50,67,0.0,0.013221943518146873,0.9828144907951355,0.980292022228241,0.9686608910560608,True
syncs_FR_to_JA_80,moss_tts_v15,FR_to_JA,fr,ja,3,,36.8,0.3728813559322034,1.0280112044817926,0.6563510019392372,WER,CER,59,45,0.0,0.02088346363355716,0.9823350310325623,0.9832912087440491,0.9461114803949991,True
syncs_FR_to_JA_81,moss_tts_v15,FR_to_JA,fr,ja,3,,32.16,0.5645161290322581,1.1619047619047618,0.8091609977324262,WER,CER,62,43,0.0,0.11467432727416356,0.987030029296875,0.9905246496200562,0.9603089888890585,True
syncs_FR_to_JA_82,moss_tts_v15,FR_to_JA,fr,ja,3,,42.64,0.5692307692307692,1.160233918128655,0.8232584384938956,WER,CER,65,49,0.0,0.00488720911865433,0.9943338632583618,0.9918670058250427,0.9808305501937866,True
syncs_FR_to_JA_84,moss_tts_v15,FR_to_JA,fr,ja,4,,32.8,0.6170212765957447,0.854516806722689,0.7539556363085774,WER,CER,47,64,0.0,0.04432243632618338,0.9797676801681519,0.982833743095398,0.9585123658180237,True
syncs_FR_to_JA_85,moss_tts_v15,FR_to_JA,fr,ja,3,,32.88,0.37037037037037035,1.273109243697479,0.7807062218826926,WER,CER,54,45,0.0,0.021818372110525768,0.9887325763702393,0.9934324026107788,0.9808388352394104,True
syncs_FR_to_JA_86,moss_tts_v15,FR_to_JA,fr,ja,3,,36.72,0.3275862068965517,1.1636904761904763,0.6974015567765568,WER,CER,58,46,0.0,0.027838312399884064,0.9781497716903687,0.9785642623901367,0.9529204368591309,True
syncs_FR_to_JA_88,moss_tts_v15,FR_to_JA,fr,ja,4,,29.76,1.4565217391304348,1.0714285714285714,1.2417582417582418,WER,CER,46,58,0.0,0.07569236657582223,0.9865536093711853,0.9875376224517822,0.9662645757198334,True
syncs_FR_to_JA_89,moss_tts_v15,FR_to_JA,fr,ja,3,,35.52,0.36,0.45175438596491224,0.4024240709300132,WER,CER,50,43,0.0,0.07162468003419538,0.9821807146072388,0.9843009114265442,0.9658531546592712,True
syncs_FR_to_JA_90,moss_tts_v15,FR_to_JA,fr,ja,4,,37.2,0.6037735849056604,1.0023809523809524,0.8085626911314984,WER,CER,53,56,0.0,0.03014933125814423,0.9888186454772949,0.988527774810791,0.9669690281152725,True
syncs_FR_to_JA_92,moss_tts_v15,FR_to_JA,fr,ja,4,,32.8,0.42857142857142855,0.8928571428571428,0.6647869674185463,WER,CER,56,58,0.0,0.027906274888664484,0.9730433225631714,0.9847443699836731,0.9545699954032898,True
syncs_FR_to_JA_93,moss_tts_v15,FR_to_JA,fr,ja,4,,32.16,0.9019607843137255,0.9555727554179566,0.9327876676986584,WER,CER,51,69,0.0,0.06689903966616839,0.9863429069519043,0.9886026382446289,0.9438599944114685,True
syncs_FR_to_JA_94,moss_tts_v15,FR_to_JA,fr,ja,3,,24.16,0.525,1.0331349206349207,0.7940126050420169,WER,CER,40,45,0.0,0.0024081496812868863,0.976641058921814,0.9818072319030762,0.9608174363772074,True
syncs_FR_to_JA_96,moss_tts_v15,FR_to_JA,fr,ja,4,,41.44,0.5217391304347826,1.0161931818181817,0.7887443181818182,WER,CER,46,54,0.0,0.031635073479264975,0.9723082780838013,0.9777477979660034,0.9757072925567627,True
syncs_FR_to_JA_97,moss_tts_v15,FR_to_JA,fr,ja,3,,32.0,0.574468085106383,0.7643983696615275,0.6801839982078314,WER,CER,47,59,0.0,0.016002547306319077,0.9851788282394409,0.9872114658355713,0.9531643788019816,True
syncs_FR_to_JA_98,moss_tts_v15,FR_to_JA,fr,ja,3,,35.6,0.4,1.3120490620490621,0.7668023401719054,WER,CER,55,37,0.0,0.03130191812912623,0.9884257912635803,0.9877926111221313,0.9257987141609192,True
syncs_JA_to_FR_0,moss_tts_v15,JA_to_FR,ja,fr,4,,40.24,0.7540983606557377,0.8411616161616162,0.775595460780646,CER,WER,122,40,0.0,0.005210660921875387,0.9779157042503357,0.9742926359176636,0.9553586542606354,True
syncs_JA_to_FR_1,moss_tts_v15,JA_to_FR,ja,fr,4,,41.2,0.813953488372093,0.6616161616161617,0.7772133095662507,CER,WER,129,41,0.0,0.05238663451746106,0.9748243093490601,0.9727967977523804,0.9764964282512665,True
syncs_JA_to_FR_2,moss_tts_v15,JA_to_FR,ja,fr,4,,48.16,0.8333333333333334,0.7107142857142856,0.8026785714285714,CER,WER,126,42,0.0,0.010944391891825944,0.9788156747817993,0.9793339371681213,0.9488525688648224,True
syncs_JA_to_FR_4,moss_tts_v15,JA_to_FR,ja,fr,3,,33.2,0.78125,0.7962962962962963,0.7842592592592593,CER,WER,96,24,0.0,0.030477053485810757,0.9858592748641968,0.9798995852470398,0.9706839720408121,True
syncs_JA_to_FR_5,moss_tts_v15,JA_to_FR,ja,fr,4,,36.32,0.9369369369369369,0.7316919191919191,0.8796282631509903,CER,WER,111,43,0.0,0.47991589549928904,0.9552831053733826,0.9499233961105347,0.9672535955905914,True
syncs_JA_to_FR_6,moss_tts_v15,JA_to_FR,ja,fr,4,,44.64,0.8040540540540541,0.4484848484848485,0.7269199935866602,CER,WER,148,41,0.25,0.1627614857570734,0.9795280694961548,0.9750605821609497,0.9798417538404465,True
syncs_JA_to_FR_8,moss_tts_v15,JA_to_FR,ja,fr,4,,45.92,0.5255474452554745,0.6840909090909091,0.5606792355371901,CER,WER,137,39,0.0,0.003598000024794601,0.9807388186454773,0.9728074669837952,0.9550250321626663,True
syncs_JA_to_FR_9,moss_tts_v15,JA_to_FR,ja,fr,3,,32.24,0.7865168539325843,0.662962962962963,0.756151914626491,CER,WER,89,29,0.0,0.035488383495248854,0.9776471853256226,0.9744546413421631,0.9444476366043091,True
syncs_JA_to_FR_10,moss_tts_v15,JA_to_FR,ja,fr,4,,33.12,0.7142857142857143,0.875,0.75,CER,WER,105,30,0.0,0.17753455345518887,0.954348623752594,0.9645974040031433,0.9657050967216492,True
syncs_JA_to_FR_12,moss_tts_v15,JA_to_FR,ja,fr,4,,35.2,0.7572815533980582,0.68125,0.736790780141844,CER,WER,103,38,0.0,0.003126812633126974,0.9561901688575745,0.947616457939148,0.9548443704843521,True
syncs_JA_to_FR_13,moss_tts_v15,JA_to_FR,ja,fr,3,,32.32,0.7592592592592593,0.7916666666666666,0.765547263681592,CER,WER,108,26,0.0,0.01419465136132203,0.9803786277770996,0.9740339517593384,0.9787426392237345,True
syncs_JA_to_FR_14,moss_tts_v15,JA_to_FR,ja,fr,3,,34.32,0.8715596330275229,0.8484848484848485,0.8665794637017659,CER,WER,109,30,0.0,0.09436506630542378,0.978575587272644,0.9776397943496704,0.959544857343038,True
syncs_JA_to_FR_16,moss_tts_v15,JA_to_FR,ja,fr,3,,30.8,0.8043478260869565,0.6370370370370371,0.7653086419753087,CER,WER,92,28,0.0,0.037011484848335385,0.9766166806221008,0.9787011742591858,0.9560588796933492,True
syncs_JA_to_FR_17,moss_tts_v15,JA_to_FR,ja,fr,3,,42.16,0.6625,0.7925925925925926,0.682461297276112,CER,WER,160,29,0.0,0.016829578982045252,0.9823429584503174,0.9825858473777771,0.9723448753356934,True
syncs_JA_to_FR_18,moss_tts_v15,JA_to_FR,ja,fr,3,,30.4,0.8285714285714286,0.6893939393939394,0.7984509271822705,CER,WER,105,29,0.0,0.013659335051973661,0.968974769115448,0.9680327773094177,0.9696453809738159,True
syncs_JA_to_FR_20,moss_tts_v15,JA_to_FR,ja,fr,4,,42.16,0.768,0.6493055555555556,0.7426187980433263,CER,WER,125,34,0.0,0.18603508872911334,0.9865496754646301,0.9840880036354065,0.9745059758424759,True
syncs_JA_to_FR_21,moss_tts_v15,JA_to_FR,ja,fr,4,,38.4,0.7739130434782608,0.89375,0.8030838815789473,CER,WER,115,37,0.0,0.04796621995046735,0.9507946968078613,0.9522637724876404,0.9434507191181183,True
syncs_JA_to_FR_22,moss_tts_v15,JA_to_FR,ja,fr,4,,38.24,0.7850467289719626,0.8935897435897436,0.8151160776160775,CER,WER,107,41,0.0,0.07368140609469265,0.9743400812149048,0.9711493253707886,0.9682539850473404,True
syncs_JA_to_FR_24,moss_tts_v15,JA_to_FR,ja,fr,3,,41.04,0.9295774647887324,0.8871212121212121,0.9223772815878079,CER,WER,142,29,0.0,0.2741172833872649,0.9763364791870117,0.9801684617996216,0.9652396241823832,True
syncs_JA_to_FR_25,moss_tts_v15,JA_to_FR,ja,fr,4,,33.2,0.6276595744680851,0.5047979797979798,0.5916324903167008,CER,WER,94,39,0.0,0.10172001767205074,0.9769293665885925,0.9811139106750488,0.9660676270723343,True
syncs_JA_to_FR_26,moss_tts_v15,JA_to_FR,ja,fr,4,,40.4,0.9,0.6107954545454546,0.8386535812672176,CER,WER,130,35,0.25,0.4495863653719425,0.9746947884559631,0.972791314125061,0.9648418426513672,True
syncs_JA_to_FR_28,moss_tts_v15,JA_to_FR,ja,fr,3,,30.48,0.8938053097345132,0.5740740740740741,0.8339994670929922,CER,WER,113,26,0.0,0.01128073661432912,0.9706735014915466,0.9711145162582397,0.9678962230682373,True
syncs_JA_to_FR_29,moss_tts_v15,JA_to_FR,ja,fr,3,,39.28,0.8609271523178808,0.43903133903133906,0.7871530210328025,CER,WER,151,32,0.0,0.061214837556084,0.9617526531219482,0.9632075428962708,0.9666600624720255,True
syncs_JA_to_FR_30,moss_tts_v15,JA_to_FR,ja,fr,3,,39.84,0.7310344827586207,1.0643939393939394,0.7865943921978406,CER,WER,145,29,0.0,0.21099263988435268,0.9811049103736877,0.9768770933151245,0.9798791408538818,True
syncs_JA_to_FR_32,moss_tts_v15,JA_to_FR,ja,fr,4,,51.04,0.762962962962963,0.7113636363636364,0.7492218379446641,CER,WER,135,49,0.0,0.018162085943913553,0.9562026262283325,0.9591546058654785,0.9245557188987732,True
syncs_JA_to_FR_33,moss_tts_v15,JA_to_FR,ja,fr,4,,36.48,0.93,0.6599206349206349,0.8585084033613445,CER,WER,100,36,0.0,0.04229755816049874,0.9629541039466858,0.962104856967926,0.9628649950027466,True
syncs_JA_to_FR_34,moss_tts_v15,JA_to_FR,ja,fr,4,,37.44,0.7310924369747899,0.5119047619047619,0.6729129923574367,CER,WER,119,43,0.0,0.08313267177436501,0.9730932712554932,0.9653383493423462,0.9689635336399078,True
syncs_JA_to_FR_36,moss_tts_v15,JA_to_FR,ja,fr,3,,34.4,0.6341463414634146,0.5111111111111111,0.610672514619883,CER,WER,123,29,0.0,0.13386786232391992,0.9773944616317749,0.9787949919700623,0.9713820020357767,True
syncs_JA_to_FR_37,moss_tts_v15,JA_to_FR,ja,fr,3,,36.64,0.6585365853658537,0.6481481481481481,0.6564454064454065,CER,WER,123,31,0.0,0.05185446236282587,0.9383821487426758,0.9435824751853943,0.9286678632100424,True
syncs_JA_to_FR_38,moss_tts_v15,JA_to_FR,ja,fr,4,,39.76,0.8771929824561403,0.6618055555555555,0.8255,CER,WER,114,36,0.0,0.008768384461291134,0.9728081226348877,0.9800499081611633,0.9347762167453766,True
syncs_JA_to_FR_40,moss_tts_v15,JA_to_FR,ja,fr,4,,45.04,0.7571428571428571,0.7625,0.7583333333333333,CER,WER,140,40,0.0,0.24744364176876843,0.9766263961791992,0.9751067161560059,0.9556586891412735,True
syncs_JA_to_FR_41,moss_tts_v15,JA_to_FR,ja,fr,4,,37.76,0.8137254901960784,0.7194444444444444,0.7886290967226218,CER,WER,102,37,0.0,0.04854420211631805,0.9843096733093262,0.9769735336303711,0.9727387428283691,True
syncs_JA_to_FR_42,moss_tts_v15,JA_to_FR,ja,fr,3,,32.4,0.7711864406779662,0.6583333333333333,0.7495433789954338,CER,WER,118,28,0.0,0.021637674576292436,0.9780687093734741,0.976220965385437,0.9727076292037964,True
syncs_JA_to_FR_44,moss_tts_v15,JA_to_FR,ja,fr,3,,31.04,0.6785714285714286,0.2777777777777778,0.5916860916860917,CER,WER,112,31,0.0,0.030385075447460014,0.9742122292518616,0.9698981642723083,0.9414137403170267,True
syncs_JA_to_FR_45,moss_tts_v15,JA_to_FR,ja,fr,3,,37.6,0.8018018018018018,0.9388888888888889,0.8324786324786325,CER,WER,111,32,0.0,0.015429266102728434,0.9727915525436401,0.9641703963279724,0.9794214765230814,True
syncs_JA_to_FR_46,moss_tts_v15,JA_to_FR,ja,fr,3,,39.2,0.6611570247933884,0.7281385281385281,0.6737441529387839,CER,WER,121,28,0.0,0.01506121534233292,0.9363901615142822,0.9303946495056152,0.9528856674830118,True
syncs_JA_to_FR_48,moss_tts_v15,JA_to_FR,ja,fr,4,,32.16,0.7840909090909091,0.6318181818181818,0.7341082581540597,CER,WER,88,43,0.0,0.0529195872368291,0.9505317211151123,0.9502240419387817,0.9598325937986374,True
syncs_JA_to_FR_49,moss_tts_v15,JA_to_FR,ja,fr,3,,33.76,0.9259259259259259,0.7268518518518519,0.8861111111111111,CER,WER,108,27,0.0,0.22972300369292498,0.971933126449585,0.9645721912384033,0.9603084127108256,True
syncs_JA_to_FR_50,moss_tts_v15,JA_to_FR,ja,fr,4,,44.32,0.7014925373134329,0.5028409090909091,0.6594251336898396,CER,WER,134,36,0.0,0.025796065223403275,0.9793472290039062,0.9778057336807251,0.9661688059568405,True
syncs_JA_to_FR_52,moss_tts_v15,JA_to_FR,ja,fr,3,,38.08,0.7435897435897436,0.711111111111111,0.7366144668158091,CER,WER,117,32,0.0,0.19061264991372204,0.9703731536865234,0.9603334665298462,0.9440108935038248,True
syncs_JA_to_FR_53,moss_tts_v15,JA_to_FR,ja,fr,4,,34.24,0.7920792079207921,0.75,0.7799295774647887,CER,WER,101,41,0.0,0.056261889258166775,0.979626476764679,0.9727170467376709,0.9651753902435303,True
syncs_JA_to_FR_54,moss_tts_v15,JA_to_FR,ja,fr,3,,37.36,0.975,0.7076923076923077,0.9187246963562753,CER,WER,120,32,0.0,0.05427927430719137,0.9628993272781372,0.9649818539619446,0.963665783405304,True
syncs_JA_to_FR_56,moss_tts_v15,JA_to_FR,ja,fr,3,,42.08,0.7189542483660131,0.5444444444444444,0.6911477411477411,CER,WER,153,29,0.0,0.32236334526290494,0.9789415597915649,0.9756261110305786,0.9612545172373453,True
syncs_JA_to_FR_57,moss_tts_v15,JA_to_FR,ja,fr,4,,45.52,0.8357142857142857,0.7951388888888888,0.8277857598978289,CER,WER,140,34,0.0,0.07268793217372149,0.9748342037200928,0.9696546196937561,0.9571031183004379,True
syncs_JA_to_FR_58,moss_tts_v15,JA_to_FR,ja,fr,4,,40.24,0.8264462809917356,0.7291666666666666,0.8000753012048193,CER,WER,121,45,0.25,0.2979261864966247,0.9626354575157166,0.9642837047576904,0.9472563415765762,True
syncs_JA_to_FR_60,moss_tts_v15,JA_to_FR,ja,fr,4,,38.88,0.8288288288288288,0.6590909090909091,0.7822341057635176,CER,WER,111,42,0.25,0.11687863396946341,0.9571059942245483,0.9551886916160583,0.9309873878955841,True
syncs_JA_to_FR_61,moss_tts_v15,JA_to_FR,ja,fr,3,,36.72,0.7441860465116279,0.7722222222222223,0.749475890985325,CER,WER,129,30,0.0,0.17182897652188936,0.9594559669494629,0.9609488248825073,0.9428269068400065,True
syncs_JA_to_FR_62,moss_tts_v15,JA_to_FR,ja,fr,4,,39.68,0.5982142857142857,0.8533549783549783,0.6724957531919558,CER,WER,112,46,0.0,0.041275278897956014,0.9761486053466797,0.9744610786437988,0.9520477205514908,True
syncs_JA_to_FR_64,moss_tts_v15,JA_to_FR,ja,fr,3,,44.96,0.6617647058823529,0.39351851851851855,0.6119705034375693,CER,WER,136,31,0.3333333333333333,0.341272396792192,0.9712324738502502,0.9681757688522339,0.9765814145406088,True
syncs_JA_to_FR_65,moss_tts_v15,JA_to_FR,ja,fr,4,,48.96,0.7192982456140351,0.7730769230769231,0.7354648419065597,CER,WER,114,49,0.0,0.14648192244931124,0.9831188917160034,0.9819003343582153,0.9550902098417282,True
syncs_JA_to_FR_66,moss_tts_v15,JA_to_FR,ja,fr,3,,37.52,0.671875,0.5768518518518518,0.6553225806451614,CER,WER,128,27,0.0,0.1630600392818451,0.9525322914123535,0.952311098575592,0.966453750928243,True
syncs_JA_to_FR_68,moss_tts_v15,JA_to_FR,ja,fr,4,,44.08,0.8175182481751825,0.7247474747474747,0.7973737373737374,CER,WER,137,38,0.0,0.05364664405351505,0.9797954559326172,0.9709497690200806,0.959623247385025,True
syncs_JA_to_FR_69,moss_tts_v15,JA_to_FR,ja,fr,3,,37.44,0.7142857142857143,1.0553030303030302,0.7880879692446856,CER,WER,105,29,0.0,0.010467250365763903,0.9645063281059265,0.9596998691558838,0.9527444044748942,True
syncs_JA_to_FR_70,moss_tts_v15,JA_to_FR,ja,fr,3,,38.56,0.7821782178217822,0.7045454545454546,0.7643997224149897,CER,WER,101,30,0.0,0.010894829329724113,0.9868675470352173,0.9826599359512329,0.9280103047688802,True
syncs_JA_to_FR_72,moss_tts_v15,JA_to_FR,ja,fr,4,,42.48,0.8333333333333334,0.5247474747474747,0.7615691801738314,CER,WER,132,40,0.25,0.24657010566443205,0.983428418636322,0.9789274334907532,0.9697111397981644,True
syncs_JA_to_FR_73,moss_tts_v15,JA_to_FR,ja,fr,3,,37.12,0.6542056074766355,0.9166666666666666,0.7101715686274509,CER,WER,107,29,0.0,0.004965208800664793,0.9473367929458618,0.9567266702651978,0.9373533924420675,True
syncs_JA_to_FR_74,moss_tts_v15,JA_to_FR,ja,fr,4,,35.2,0.9457364341085271,0.7097222222222223,0.8898750821827744,CER,WER,129,40,0.0,0.08326494321227074,0.9649873971939087,0.9641351699829102,0.9620118886232376,True
syncs_JA_to_FR_76,moss_tts_v15,JA_to_FR,ja,fr,3,,35.12,0.71900826446281,0.6037037037037036,0.697972972972973,CER,WER,121,27,0.0,0.14034858089871705,0.9623158574104309,0.9631304144859314,0.9768180052439371,True
syncs_JA_to_FR_77,moss_tts_v15,JA_to_FR,ja,fr,4,,41.2,0.8503937007874016,0.5611111111111111,0.782429718875502,CER,WER,127,39,0.25,0.3640846125781536,0.9706332683563232,0.9649444818496704,0.9701389372348785,True
syncs_JA_to_FR_78,moss_tts_v15,JA_to_FR,ja,fr,4,,39.76,0.8899082568807339,0.8012820512820513,0.8648363697705803,CER,WER,109,43,0.0,0.03203293483238667,0.9771427512168884,0.9764679670333862,0.9291279166936874,True
syncs_JA_to_FR_80,moss_tts_v15,JA_to_FR,ja,fr,3,,36.32,0.8739495798319328,0.8,0.8586666666666667,CER,WER,119,31,0.0,0.4532911133331557,0.9739575386047363,0.9683642387390137,0.9581010341644287,True
syncs_JA_to_FR_81,moss_tts_v15,JA_to_FR,ja,fr,3,,44.24,0.8759124087591241,0.9,0.8804733727810652,CER,WER,137,32,0.0,0.04498225419471661,0.9516069889068604,0.9481188058853149,0.9221322337786356,True
syncs_JA_to_FR_82,moss_tts_v15,JA_to_FR,ja,fr,3,,36.64,0.6822429906542056,0.7222222222222222,0.6900584795321637,CER,WER,107,26,0.0,0.03888879623264074,0.9695370197296143,0.9678223133087158,0.9775921702384949,True
syncs_JA_to_FR_84,moss_tts_v15,JA_to_FR,ja,fr,4,,45.68,0.7357142857142858,0.5486111111111112,0.6982936507936508,CER,WER,140,35,0.25,0.24517272599041462,0.9820821285247803,0.9822458028793335,0.9577934890985489,True
syncs_JA_to_FR_85,moss_tts_v15,JA_to_FR,ja,fr,3,,39.04,0.9827586206896551,0.7954545454545454,0.9412751677852349,CER,WER,116,33,0.0,0.05503727309405804,0.9459255337715149,0.9559773802757263,0.9625615477561951,True
syncs_JA_to_FR_86,moss_tts_v15,JA_to_FR,ja,fr,3,,38.48,0.848,0.6722222222222223,0.8121726822363765,CER,WER,125,32,0.0,0.06220995060478648,0.9521979093551636,0.9543507695198059,0.9475569923718771,True
syncs_JA_to_FR_88,moss_tts_v15,JA_to_FR,ja,fr,3,,35.44,0.7961165048543689,0.5861111111111111,0.7487468671679198,CER,WER,103,30,0.0,0.007802110941459735,0.9880924224853516,0.9852880239486694,0.9245338241259257,True
syncs_JA_to_FR_89,moss_tts_v15,JA_to_FR,ja,fr,4,,48.08,0.717948717948718,0.6722222222222223,0.709182498560737,CER,WER,156,37,0.0,0.2140329181565903,0.9715172648429871,0.9718165397644043,0.9470358639955521,True
syncs_JA_to_FR_90,moss_tts_v15,JA_to_FR,ja,fr,4,,44.24,0.8403361344537815,0.6666666666666666,0.8035320088300221,CER,WER,119,32,0.0,0.053118283743970096,0.9766973257064819,0.969477653503418,0.9314217269420624,True
syncs_JA_to_FR_92,moss_tts_v15,JA_to_FR,ja,fr,4,,41.92,0.8360655737704918,0.8958333333333334,0.8519076305220885,CER,WER,122,44,0.0,0.007253385498188436,0.950043797492981,0.9389870166778564,0.9643141478300095,True
syncs_JA_to_FR_93,moss_tts_v15,JA_to_FR,ja,fr,4,,40.32,0.7571428571428571,0.4810606060606061,0.689987714987715,CER,WER,140,45,0.25,0.28107555489987135,0.9738399386405945,0.9744887351989746,0.9456169605255127,True
syncs_JA_to_FR_94,moss_tts_v15,JA_to_FR,ja,fr,3,,43.44,0.7941176470588235,0.8585858585858586,0.8076109936575052,CER,WER,136,36,0.0,0.2260516359626005,0.9673763513565063,0.9711533188819885,0.9197320143381754,True
syncs_JA_to_FR_96,moss_tts_v15,JA_to_FR,ja,fr,4,,43.2,0.8956521739130435,0.3679924242424243,0.756972367909868,CER,WER,115,41,0.0,0.07002195771201514,0.9752454161643982,0.9694019556045532,0.9230257868766785,True
syncs_JA_to_FR_97,moss_tts_v15,JA_to_FR,ja,fr,3,,28.24,0.6428571428571429,0.41111111111111115,0.5885416666666667,CER,WER,98,30,0.0,0.1493594286342462,0.9751797914505005,0.9683467149734497,0.9761374791463217,True
syncs_JA_to_FR_98,moss_tts_v15,JA_to_FR,ja,fr,3,,37.44,0.7401574803149606,0.5857142857142857,0.7098553345388788,CER,WER,127,31,0.3333333333333333,0.45130351185798645,0.9707062244415283,0.9647340774536133,0.9678446849187216,True
